Time,Temperature,Stress,Creep Strain
0,338.7,0.44112,-1.30E-05
9.25926E-05,338.7,2.13765,1.19E-04
0.000196759,338.7,4.47824,2.26E-04
0.000300926,338.7,6.21341,2.95E-04
0.000393519,338.7,8.46197,4.00E-04
0.000497685,338.7,10.22795,5.31E-04
0.000590278,338.7,10.30111,5.70E-04
0.00068287,338.7,10.35464,5.88E-04
0.000775463,338.7,10.37578,6.00E-04
0.00087963,338.7,10.38636,6.08E-04
0.000972222,338.7,10.37869,6.15E-04
0.001076389,338.7,10.38526,6.21E-04
0.001180556,338.7,10.37545,6.25E-04
0.001273148,338.7,10.37687,6.31E-04
0.001365741,338.7,10.38121,6.35E-04
0.001469907,338.7,10.36809,6.38E-04
0.0015625,338.7,10.37136,6.41E-04
0.001655093,338.7,10.37382,6.45E-04
0.001747685,338.7,10.37624,6.48E-04
0.001921296,338.7,10.3846,6.50E-04
0.002083333,338.7,10.37032,6.52E-04
0.00224537,338.7,10.37357,6.54E-04
0.002407407,338.7,10.37683,6.55E-04
0.002569444,338.7,10.37761,6.59E-04
0.002731481,338.7,10.3678,6.59E-04
0.002893519,338.7,10.36784,6.61E-04
0.003055556,338.7,10.3679,6.63E-04
0.003217593,338.7,10.37209,6.64E-04
0.00337963,338.7,10.37224,6.64E-04
0.003553241,338.7,10.37566,6.67E-04
0.003703704,338.7,10.37499,6.71E-04
0.003865741,338.7,10.37837,6.75E-04
0.004027778,338.7,10.37846,6.80E-04
0.004189815,338.7,10.37118,6.82E-04
0.004363426,338.7,10.36711,6.84E-04
0.004525463,338.7,10.36713,6.83E-04
0.004675926,338.7,10.36526,6.85E-04
0.004837963,338.7,10.36711,6.85E-04
0.005,338.7,10.3671,6.84E-04
0.005173611,338.7,10.37037,6.86E-04
0.005335648,338.7,10.3704,6.86E-04
0.005497685,338.7,10.37129,6.86E-04
0.005648148,338.7,10.37138,6.88E-04
0.005810185,338.7,10.37044,6.91E-04
0.005972222,338.7,10.37162,6.94E-04
0.006145833,338.7,10.37173,6.98E-04
0.00630787,338.7,10.37427,7.01E-04
0.006469907,338.7,10.37432,7.04E-04
0.006631944,338.7,10.37353,7.06E-04
0.006782407,338.7,10.37351,7.11E-04
0.006956019,338.7,10.37267,7.13E-04
0.007118056,338.7,10.37259,7.18E-04
0.007280093,338.7,10.3725,7.20E-04
0.00744213,338.7,10.37161,7.22E-04
0.007592593,338.7,10.37149,7.23E-04
0.007766204,338.7,10.37053,7.25E-04
0.007928241,338.7,10.37362,7.27E-04
0.008090278,338.7,10.37343,7.28E-04
0.008252315,338.7,10.3724,7.28E-04
0.008402778,338.7,10.37297,7.27E-04
0.008576389,338.7,10.37274,7.27E-04
0.008738426,338.7,10.37336,7.27E-04
0.008900463,338.7,10.37504,7.27E-04
0.0090625,338.7,10.37383,7.27E-04
0.009212963,338.7,10.37372,7.27E-04
0.009386574,338.7,10.3755,7.28E-04
0.009548611,338.7,10.37514,7.29E-04
0.009710648,338.7,10.37697,7.28E-04
0.009872685,338.7,10.37591,7.28E-04
0.010034722,338.7,10.37778,7.31E-04
0.010196759,338.7,10.37922,7.34E-04
0.010358796,338.7,10.37924,7.34E-04
0.010520833,338.7,10.37842,7.36E-04
0.01068287,338.7,10.3784,7.39E-04
0.010844907,338.7,10.37755,7.41E-04
0.01099537,338.7,10.37747,7.43E-04
0.011168981,338.7,10.37737,7.44E-04
0.011331019,338.7,10.37726,7.46E-04
0.011493056,338.7,10.37713,7.45E-04
0.011655093,338.7,10.37698,7.45E-04
0.01181713,338.7,10.37679,7.44E-04
0.011979167,338.7,10.37667,7.43E-04
0.012141204,338.7,10.37735,7.43E-04
0.012303241,338.7,10.37723,7.44E-04
0.012465278,338.7,10.37795,7.43E-04
0.012627315,338.7,10.37789,7.42E-04
0.012789352,338.7,10.37864,7.42E-04
0.012951389,338.7,10.3786,7.42E-04
0.013113426,338.7,10.3794,7.41E-04
0.013275463,338.7,10.37043,7.40E-04
0.0134375,338.7,10.36723,7.42E-04
0.013599537,338.7,10.37057,7.44E-04
0.013761574,338.7,10.36736,7.48E-04
0.013923611,338.7,10.3674,7.49E-04
0.014085648,338.7,10.36664,7.50E-04
0.014247685,338.7,10.36586,7.51E-04
0.014421296,338.7,10.36502,7.52E-04
0.014571759,338.7,10.36494,7.51E-04
0.014733796,338.7,10.36485,7.52E-04
0.014895833,338.7,10.36477,7.50E-04
0.01505787,338.7,10.3655,7.50E-04
0.015231481,338.7,10.36545,7.50E-04
0.015381944,338.7,10.36624,7.49E-04
0.015543981,338.7,10.36623,7.48E-04
0.015706019,338.7,10.36708,7.47E-04
0.015868056,338.7,10.36712,7.45E-04
0.016030093,338.7,10.36718,7.46E-04
0.01619213,338.7,10.36724,7.47E-04
0.016354167,338.7,10.36626,7.46E-04
0.016516204,338.7,10.36744,7.46E-04
0.016678241,338.7,10.36944,7.44E-04
0.016840278,338.7,10.36958,7.44E-04
0.017013889,338.7,10.36865,7.44E-04
0.017175926,338.7,10.36881,7.44E-04
0.017326389,338.7,10.36897,7.45E-04
0.017488426,338.7,10.36916,7.44E-04
0.017650463,338.7,10.37016,7.43E-04
0.017824074,338.7,10.3704,7.44E-04
0.017986111,338.7,10.37393,7.45E-04
0.018136574,338.7,10.37417,7.46E-04
0.018298611,338.7,10.37358,7.49E-04
0.018460648,338.7,10.37378,7.50E-04
0.018634259,338.7,10.37314,7.52E-04
0.018796296,338.7,10.37328,7.53E-04
0.018958333,338.7,10.37151,7.56E-04
0.019108796,338.7,10.37266,7.57E-04
0.019270833,338.7,10.37189,7.59E-04
0.019444444,338.7,10.37112,7.59E-04
0.019606481,338.7,10.37108,7.59E-04
0.019768519,338.7,10.37106,7.60E-04
0.019918981,338.7,10.37104,7.61E-04
0.020081019,338.7,10.37097,7.62E-04
0.02025463,338.7,10.37093,7.61E-04
0.020416667,338.7,10.3701,7.60E-04
0.020578704,338.7,10.3709,7.61E-04
0.020740741,338.7,10.37091,7.60E-04
0.020891204,338.7,10.37093,7.59E-04
0.021053241,338.7,10.3685,7.58E-04
0.021226852,338.7,10.36856,7.57E-04
0.021388889,338.7,10.36947,7.57E-04
0.021550926,338.7,10.36957,7.59E-04
0.021712963,338.7,10.36973,7.59E-04
0.021863426,338.7,10.36986,7.61E-04
0.022037037,338.7,10.36997,7.64E-04
0.022199074,338.7,10.36926,7.66E-04
0.022361111,338.7,10.36853,7.68E-04
0.022523148,338.7,10.36856,7.71E-04
0.022696759,338.7,10.36775,7.75E-04
0.022847222,338.7,10.36772,7.77E-04
0.023009259,338.7,10.36577,7.79E-04
0.023171296,338.7,10.36675,7.82E-04
0.023333333,338.7,10.36664,7.84E-04
0.02349537,338.7,10.36569,7.87E-04
0.023668981,338.7,10.36551,7.88E-04
0.023819444,338.7,10.36344,7.89E-04
0.023981481,338.7,10.36428,7.91E-04
0.024143519,338.7,10.36321,7.90E-04
0.024305556,338.7,10.36374,7.89E-04
0.024479167,338.7,10.36349,7.89E-04
0.02462963,338.7,10.36324,7.88E-04
0.024791667,338.7,10.36382,7.88E-04
0.024953704,338.7,10.36362,7.88E-04
0.025115741,338.7,10.36427,7.87E-04
0.025289352,338.7,10.36598,7.87E-04
0.025451389,338.7,10.36479,7.86E-04
0.025601852,338.7,10.36552,7.86E-04
0.025763889,338.7,10.36544,7.85E-04
0.0259375,338.7,10.36538,7.84E-04
0.026099537,338.7,10.36614,7.83E-04
0.02625,338.7,10.36693,7.83E-04
0.026412037,338.7,10.36777,7.84E-04
0.026574074,338.7,10.36785,7.85E-04
0.026747685,338.7,10.36793,7.86E-04
0.026909722,338.7,10.36798,7.86E-04
0.027071759,338.7,10.36801,7.87E-04
0.027222222,338.7,10.37051,7.87E-04
0.027384259,338.7,10.37051,7.88E-04
0.02755787,338.7,10.37048,7.90E-04
0.027719907,338.7,10.36854,7.90E-04
0.027881944,338.7,10.36623,7.90E-04
0.028032407,338.7,10.36612,7.91E-04
0.028194444,338.7,10.36601,7.89E-04
0.028368056,338.7,10.36861,7.89E-04
0.028530093,338.7,10.36751,7.89E-04
0.02869213,338.7,10.36752,7.91E-04
0.028854167,338.7,10.36483,7.92E-04
0.02900463,338.7,10.36665,7.92E-04
0.029166667,338.7,10.36843,7.91E-04
0.029340278,338.7,10.36733,7.91E-04
0.029502315,338.7,10.36813,7.92E-04
0.029664352,338.7,10.36816,7.93E-04
0.029814815,338.7,10.37148,7.93E-04
0.029976852,338.7,10.37069,7.92E-04
0.030150463,338.7,10.37175,7.92E-04
0.0303125,338.7,10.37067,7.90E-04
0.030474537,338.7,10.37065,7.90E-04
0.030636574,338.7,10.37253,7.87E-04
0.030798611,338.7,10.36823,7.88E-04
0.030960648,338.7,10.36827,7.88E-04
0.031122685,338.7,10.36912,7.87E-04
0.031284722,338.7,10.36921,7.84E-04
0.031446759,338.7,10.36929,7.83E-04
0.031608796,338.7,10.36942,7.83E-04
0.031782407,338.7,10.36955,7.83E-04
0.03193287,338.7,10.37051,7.82E-04
0.032094907,338.7,10.37069,7.83E-04
0.032256944,338.7,10.37087,7.82E-04
0.032418981,338.7,10.37101,7.83E-04
0.032592593,338.7,10.37448,7.85E-04
0.03275463,338.7,10.37466,7.85E-04
0.032905093,338.7,10.37481,7.87E-04
0.03306713,338.7,10.37416,7.87E-04
0.033229167,338.7,10.37245,7.90E-04
0.033391204,338.7,10.37363,7.91E-04
0.033564815,338.7,10.37288,7.92E-04
0.033715278,338.7,10.37293,7.93E-04
0.033877315,338.7,10.37214,7.93E-04
0.034039352,338.7,10.3713,7.94E-04
0.034201389,338.7,10.37314,7.94E-04
0.034375,338.7,10.37204,7.94E-04
0.034537037,338.7,10.37204,7.93E-04
0.0346875,338.7,10.3696,7.93E-04
0.034849537,338.7,10.36964,7.93E-04
0.035011574,338.7,10.36974,7.92E-04
0.035185185,338.7,10.37395,7.93E-04
0.035347222,338.7,10.37406,7.93E-04
0.035509259,338.7,10.37337,7.94E-04
0.035659722,338.7,10.37345,7.94E-04
0.035821759,338.7,10.37356,7.95E-04
0.03599537,338.7,10.37364,7.97E-04
0.036157407,338.7,10.37372,7.97E-04
0.03630787,338.7,10.3738,7.99E-04
0.036469907,338.7,10.37308,8.00E-04
0.036631944,338.7,10.37234,8.02E-04
0.036805556,338.7,10.3705,8.03E-04
0.036967593,338.7,10.37074,8.02E-04
0.03712963,338.7,10.36822,8.01E-04
0.037291667,338.7,10.36819,7.98E-04
0.03744213,338.7,10.369,7.97E-04
0.037615741,338.7,10.36907,7.97E-04
0.037777778,338.7,10.36912,8.00E-04
0.037939815,338.7,10.36915,8.02E-04
0.038101852,338.7,10.36917,8.04E-04
0.038263889,338.7,10.36508,8.06E-04
0.0384375,338.7,10.36503,8.08E-04
0.038587963,338.7,10.36416,8.09E-04
0.03875,338.7,10.36408,8.10E-04
0.038912037,338.7,10.364,8.12E-04
0.039074074,338.7,10.36309,8.13E-04
0.039247685,338.7,10.36297,8.15E-04
0.039409722,338.7,10.36284,8.17E-04
0.039560185,338.7,10.36598,8.18E-04
0.039722222,338.7,10.36255,8.18E-04
0.039884259,338.7,10.3616,8.18E-04
0.040046296,338.7,10.36472,8.17E-04
0.040219907,338.7,10.36126,8.16E-04
0.04037037,338.7,10.36191,8.16E-04
0.040532407,338.7,10.36177,8.15E-04
0.040694444,338.7,10.36245,8.14E-04
0.040856481,338.7,10.36235,8.14E-04
0.041030093,338.7,10.36308,8.14E-04
0.04119213,338.7,10.36385,8.15E-04
0.041342593,338.7,10.36573,8.15E-04
0.04150463,338.7,10.36281,8.17E-04
0.041666667,338.7,10.36387,8.17E-04
0.041840278,338.7,10.36717,8.18E-04
0.042002315,338.7,10.36714,8.18E-04
0.042164352,338.7,10.3671,8.19E-04
0.042314815,338.7,10.36704,8.19E-04
0.042476852,338.7,10.36697,8.21E-04
0.042650463,338.7,10.36607,8.23E-04
0.0428125,338.7,10.36597,8.24E-04
0.042974537,338.7,10.36399,8.23E-04
0.043125,338.7,10.36492,8.23E-04
0.043287037,338.7,10.36229,8.22E-04
0.043460648,338.7,10.36215,8.22E-04
0.043622685,338.7,10.36285,8.22E-04
0.043784722,338.7,10.36275,8.21E-04
0.043935185,338.7,10.36267,8.20E-04
0.044097222,338.7,10.36342,8.19E-04
0.044259259,338.7,10.3642,8.19E-04
0.04443287,338.7,10.36502,8.18E-04
0.044594907,338.7,10.36505,8.21E-04
0.044756944,338.7,10.36839,8.23E-04
0.044907407,338.7,10.36845,8.23E-04
0.045069444,338.7,10.36851,8.24E-04
0.045243056,338.7,10.36853,8.25E-04
0.045405093,338.7,10.36772,8.26E-04
0.04556713,338.7,10.36771,8.25E-04
0.045729167,338.7,10.36499,8.25E-04
0.04587963,338.7,10.36597,8.25E-04
0.046053241,338.7,10.36588,8.26E-04
0.046215278,338.7,10.36576,8.27E-04
0.046377315,338.7,10.36648,8.26E-04
0.046539352,338.7,10.36644,8.24E-04
0.046689815,338.7,10.36722,8.24E-04
0.046863426,338.7,10.36722,8.22E-04
0.047025463,338.7,10.36723,8.23E-04
0.0471875,338.7,10.36397,8.22E-04
0.047349537,338.7,10.36482,8.22E-04
0.0475,338.7,10.36817,8.21E-04
0.047673611,338.7,10.36826,8.19E-04
0.047835648,338.7,10.36916,8.18E-04
0.047997685,338.7,10.36598,8.17E-04
0.048148148,338.7,10.36609,8.16E-04
0.048310185,338.7,10.36624,8.15E-04
0.048483796,338.7,10.36638,8.14E-04
0.048645833,338.7,10.36656,8.13E-04
0.04880787,338.7,10.36673,8.13E-04
0.048969907,338.7,10.36692,8.11E-04
0.04912037,338.7,10.36792,8.13E-04
0.049282407,338.7,10.37038,8.12E-04
0.049456019,338.7,10.37171,8.12E-04
0.049618056,338.7,10.37196,8.13E-04
0.049768519,338.7,10.37137,8.15E-04
0.049930556,338.7,10.37483,8.16E-04
0.050092593,338.7,10.3742,8.18E-04
0.050266204,338.7,10.37351,8.18E-04
0.050428241,338.7,10.37363,8.20E-04
0.050590278,338.7,10.37291,8.21E-04
0.050740741,338.7,10.36886,8.25E-04
0.050902778,338.7,10.36806,8.23E-04
0.051076389,338.7,10.368,8.22E-04
0.051238426,338.7,10.36796,8.23E-04
0.051400463,338.7,10.36978,8.24E-04
0.0515625,338.7,10.36871,8.23E-04
0.051724537,338.7,10.36874,8.22E-04
0.051886574,338.7,10.3655,8.22E-04
0.052048611,338.7,10.36556,8.21E-04
0.052210648,338.7,10.36647,8.21E-04
0.052372685,338.7,10.37174,8.22E-04
0.052534722,338.7,10.37001,8.22E-04
0.052696759,338.7,10.37013,8.22E-04
0.052858796,338.7,10.37023,8.22E-04
0.053020833,338.7,10.36951,8.23E-04
0.05318287,338.7,10.36956,8.23E-04
0.053344907,338.7,10.36631,8.25E-04
0.053518519,338.7,10.36555,8.25E-04
0.053668981,338.7,10.36475,8.28E-04
0.053831019,338.7,10.36473,8.29E-04
0.053993056,338.7,10.36471,8.30E-04
0.054155093,338.7,10.36386,8.31E-04
0.05431713,338.7,10.36378,8.32E-04
0.054479167,338.7,10.3645,8.31E-04
0.054641204,338.7,10.36444,8.34E-04
0.054803241,338.7,10.36441,8.35E-04
0.054965278,338.7,10.3644,8.36E-04
0.055127315,338.7,10.36436,8.37E-04
0.055300926,338.7,10.36431,8.38E-04
0.055451389,338.7,10.36424,8.39E-04
0.055613426,338.7,10.36334,8.41E-04
0.055775463,338.7,10.36323,8.42E-04
0.0559375,338.7,10.36313,8.43E-04
0.056111111,338.7,10.363,8.44E-04
0.056261574,338.7,10.36205,8.46E-04
0.056423611,338.7,10.36106,8.46E-04
0.056585648,338.7,10.36084,8.45E-04
0.056747685,338.7,10.36141,8.45E-04
0.056921296,338.7,10.36123,8.45E-04
0.057083333,338.7,10.3586,8.44E-04
0.05724537,338.7,10.35843,8.43E-04
0.057395833,338.7,10.35913,8.43E-04
0.05755787,338.7,10.35903,8.42E-04
0.057731481,338.7,10.35896,8.41E-04
0.057893519,338.7,10.35972,8.41E-04
0.058055556,338.7,10.36049,8.39E-04
0.058206019,338.7,10.36129,8.39E-04
0.058368056,338.7,10.36648,8.40E-04
0.058541667,338.7,10.36548,8.40E-04
0.058703704,338.7,10.3647,8.43E-04
0.058865741,338.7,10.36473,8.42E-04
0.059027778,338.7,10.36474,8.44E-04
0.059178241,338.7,10.36721,8.46E-04
0.059340278,338.7,10.36716,8.47E-04
0.059513889,338.7,10.3671,8.47E-04
0.059675926,338.7,10.36703,8.47E-04
0.059837963,338.7,10.36366,8.49E-04
0.06,338.7,10.36275,8.51E-04
0.060162037,338.7,10.36178,8.51E-04
0.060324074,338.7,10.36241,8.50E-04
0.061030093,338.7,10.36263,8.48E-04
0.061724537,338.7,10.36513,8.48E-04
0.062430556,338.7,10.36497,8.42E-04
0.063136574,338.7,10.36693,8.39E-04
0.063854167,338.7,10.36684,8.43E-04
0.064560185,338.7,10.36473,8.44E-04
0.065266204,338.7,10.36653,8.40E-04
0.065960648,338.7,10.36864,8.39E-04
0.066666667,338.7,10.3691,8.45E-04
0.067372685,338.7,10.36689,8.49E-04
0.06806713,338.7,10.36769,8.48E-04
0.068784722,338.7,10.36526,8.45E-04
0.069490741,338.7,10.36729,8.42E-04
0.070196759,338.7,10.36701,8.42E-04
0.070891204,338.7,10.36748,8.48E-04
0.071597222,338.7,10.36083,8.57E-04
0.072303241,338.7,10.35952,8.67E-04
0.073009259,338.7,10.35812,8.71E-04
0.073715278,338.7,10.35861,8.68E-04
0.074421296,338.7,10.35955,8.65E-04
0.075115741,338.7,10.35762,8.60E-04
0.075821759,338.7,10.36089,8.61E-04
0.076539352,338.7,10.36465,8.65E-04
0.07724537,338.7,10.36282,8.70E-04
0.077951389,338.7,10.36212,8.71E-04
0.078657407,338.7,10.3599,8.71E-04
0.079351852,338.7,10.36145,8.63E-04
0.08005787,338.7,10.36252,8.59E-04
0.080763889,338.7,10.36306,8.56E-04
0.081469907,338.7,10.36548,8.54E-04
0.082175926,338.7,10.36802,8.60E-04
0.082881944,338.7,10.36925,8.64E-04
0.083576389,338.7,10.36252,8.63E-04
0.084282407,338.7,10.36534,8.59E-04
0.084988426,338.7,10.36626,8.63E-04
0.085694444,338.7,10.3668,8.66E-04
0.086400463,338.7,10.36275,8.65E-04
0.087106481,338.7,10.36041,8.60E-04
0.087800926,338.7,10.3609,8.62E-04
0.088506944,338.7,10.35951,8.71E-04
0.089212963,338.7,10.35832,8.83E-04
0.089918981,338.7,10.35174,8.85E-04
0.090625,338.7,10.35243,8.82E-04
0.091331019,338.7,10.35441,8.79E-04
0.092037037,338.7,10.35771,8.81E-04
0.092731481,338.7,10.35579,8.80E-04
0.093449074,338.7,10.35452,8.78E-04
0.094155093,338.7,10.35695,8.77E-04
0.094861111,338.7,10.35894,8.80E-04
0.09556713,338.7,10.35712,8.82E-04
0.096273148,338.7,10.35423,8.77E-04
0.096967593,338.7,10.35503,8.74E-04
0.097673611,338.7,10.35364,8.70E-04
0.09837963,338.7,10.35422,8.64E-04
0.099085648,338.7,10.35594,8.67E-04
0.099791667,338.7,10.35752,8.76E-04
0.100497685,338.7,10.35442,8.81E-04
0.101203704,338.7,10.35151,8.82E-04
0.101898148,338.7,10.34934,8.80E-04
0.102604167,338.7,10.35007,8.77E-04
0.103310185,338.7,10.35197,8.73E-04
0.104016204,338.7,10.35419,8.76E-04
0.104722222,338.7,10.35441,8.79E-04
0.105428241,338.7,10.35192,8.89E-04
0.106134259,338.7,10.34806,8.91E-04
0.106828704,338.7,10.34926,8.85E-04
0.107546296,338.7,10.35343,8.86E-04
0.108240741,338.7,10.3525,8.91E-04
0.108958333,338.7,10.34782,8.91E-04
0.109652778,338.7,10.3483,8.87E-04
0.11037037,338.7,10.35158,8.86E-04
0.111064815,338.7,10.35439,8.89E-04
0.111770833,338.7,10.35595,8.96E-04
0.112476852,338.7,10.34879,8.97E-04
0.11318287,338.7,10.34929,8.91E-04
0.113888889,338.7,10.35097,8.85E-04
0.114594907,338.7,10.35218,8.79E-04
0.115289352,338.7,10.35371,8.80E-04
0.11599537,338.7,10.35609,8.86E-04
0.116701389,338.7,10.35383,8.89E-04
0.117407407,338.7,10.35556,8.86E-04
0.118113426,338.7,10.35439,8.84E-04
0.118819444,338.7,10.35598,8.88E-04
0.119525463,338.7,10.35454,8.87E-04
0.120219907,338.7,10.35205,8.84E-04
0.120925926,338.7,10.35153,8.85E-04
0.121631944,338.7,10.35567,8.93E-04
0.122337963,338.7,10.35227,9.01E-04
0.123043981,338.7,10.35006,9.12E-04
0.12375,338.7,10.34651,9.16E-04
0.124444444,338.7,10.3477,9.12E-04
0.125150463,338.7,10.35044,9.08E-04
0.125856481,338.7,10.34663,9.02E-04
0.1265625,338.7,10.34828,8.99E-04
0.127268519,338.7,10.35366,9.02E-04
0.127974537,338.7,10.35963,9.09E-04
0.128668981,338.7,10.35362,9.08E-04
0.129375,338.7,10.35159,9.04E-04
0.130081019,338.7,10.34815,9.01E-04
0.130787037,338.7,10.35443,8.96E-04
0.131493056,338.7,10.35506,8.93E-04
0.132199074,338.7,10.35678,8.93E-04
0.132905093,338.7,10.36179,8.97E-04
0.133599537,338.7,10.3596,9.03E-04
0.134305556,338.7,10.35605,9.04E-04
0.135023148,338.7,10.35366,8.99E-04
0.135729167,338.7,10.35496,8.97E-04
0.136435185,338.7,10.35458,9.00E-04
0.137141204,338.7,10.3497,9.11E-04
0.137835648,338.7,10.34681,9.18E-04
0.138541667,338.7,10.34587,9.18E-04
0.139247685,338.7,10.34365,9.14E-04
0.139953704,338.7,10.34598,9.12E-04
0.140659722,338.7,10.34866,9.18E-04
0.141365741,338.7,10.35092,9.20E-04
0.142060185,338.7,10.34956,9.19E-04
0.142766204,338.7,10.3474,9.16E-04
0.143472222,338.7,10.35083,9.17E-04
0.144178241,338.7,10.35153,9.22E-04
0.144884259,338.7,10.34706,9.18E-04
0.145590278,338.7,10.34852,9.14E-04
0.146296296,338.7,10.34628,9.12E-04
0.146990741,338.7,10.3468,9.04E-04
0.147696759,338.7,10.34921,9.01E-04
0.148402778,338.7,10.35177,9.09E-04
0.149108796,338.7,10.3563,9.14E-04
0.149814815,338.7,10.35117,9.13E-04
0.150520833,338.7,10.34946,9.09E-04
0.151226852,338.7,10.3465,9.09E-04
0.151921296,338.7,10.34645,9.02E-04
0.152627315,338.7,10.34874,9.08E-04
0.153333333,338.7,10.34752,9.17E-04
0.154050926,338.7,10.3424,9.27E-04
0.154756944,338.7,10.34006,9.37E-04
0.155462963,338.7,10.33723,9.38E-04
0.156157407,338.7,10.33451,9.34E-04
0.156863426,338.7,10.33633,9.30E-04
0.157569444,338.7,10.33779,9.25E-04
0.158275463,338.7,10.34044,9.22E-04
0.158981481,338.7,10.34667,9.24E-04
0.1596875,338.7,10.34648,9.34E-04
0.160381944,338.7,10.34613,9.33E-04
0.161087963,338.7,10.34149,9.30E-04
0.161793981,338.7,10.34225,9.25E-04
0.1625,338.7,10.34334,9.18E-04
0.163206019,338.7,10.34145,9.16E-04
0.163912037,338.7,10.34478,9.18E-04
0.164606481,338.7,10.34767,9.22E-04
0.1653125,338.7,10.34355,9.21E-04
0.166018519,338.7,10.3413,9.17E-04
0.166724537,338.7,10.34179,9.16E-04
0.167430556,338.7,10.3467,9.20E-04
0.168136574,338.7,10.34809,9.25E-04
0.168842593,338.7,10.34238,9.24E-04
0.169537037,338.7,10.3415,9.22E-04
0.170243056,338.7,10.33999,9.30E-04
0.170949074,338.7,10.33558,9.39E-04
0.171655093,338.7,10.33325,9.43E-04
0.172361111,338.7,10.33393,9.39E-04
0.17306713,338.7,10.33099,9.36E-04
0.173761574,338.7,10.33665,9.34E-04
0.174467593,338.7,10.33938,9.37E-04
0.175173611,338.7,10.34156,9.41E-04
0.17587963,338.7,10.34014,9.39E-04
0.176585648,338.7,10.3387,9.38E-04
0.177291667,338.7,10.33616,9.33E-04
0.177986111,338.7,10.33718,9.29E-04
0.17869213,338.7,10.33602,9.26E-04
0.179398148,338.7,10.34009,9.29E-04
0.180115741,338.7,10.34318,9.35E-04
0.180810185,338.7,10.3403,9.35E-04
0.181516204,338.7,10.33452,9.30E-04
0.182222222,338.7,10.33569,9.26E-04
0.182928241,338.7,10.33716,9.27E-04
0.183622685,338.7,10.33956,9.31E-04
0.184328704,338.7,10.34073,9.33E-04
0.185034722,338.7,10.33635,9.36E-04
0.185740741,338.7,10.3338,9.29E-04
0.186446759,338.7,10.33246,9.28E-04
0.187152778,338.7,10.33354,9.35E-04
0.187858796,338.7,10.33289,9.48E-04
0.188564815,338.7,10.33142,9.53E-04
0.189270833,338.7,10.32953,9.50E-04
0.189976852,338.7,10.33113,9.45E-04
0.19068287,338.7,10.32911,9.39E-04
0.191377315,338.7,10.3316,9.38E-04
0.192083333,338.7,10.33364,9.43E-04
0.192789352,338.7,10.33731,9.49E-04
0.19349537,338.7,10.33549,9.51E-04
0.194201389,338.7,10.3323,9.43E-04
0.194907407,338.7,10.32975,9.40E-04
0.195601852,338.7,10.33081,9.37E-04
0.19630787,338.7,10.33291,9.35E-04
0.197013889,338.7,10.33629,9.34E-04
0.197719907,338.7,10.33654,9.36E-04
0.198425926,338.7,10.33115,9.35E-04
0.199131944,338.7,10.33233,9.32E-04
0.199837963,338.7,10.33309,9.34E-04
0.200532407,338.7,10.33526,9.42E-04
0.201238426,338.7,10.33529,9.44E-04
0.201944444,338.7,10.32925,9.38E-04
0.202650463,338.7,10.32769,9.34E-04
0.203356481,338.7,10.32643,9.33E-04
0.2040625,338.7,10.32963,9.38E-04
0.204756944,338.7,10.33147,9.50E-04
0.205462963,338.7,10.32532,9.59E-04
0.206168981,338.7,10.32269,9.64E-04
0.206875,338.7,10.31977,9.60E-04
0.207581019,338.7,10.31736,9.57E-04
0.208287037,338.7,10.32194,9.52E-04
0.208981481,338.7,10.32446,9.49E-04
0.2096875,338.7,10.32736,9.49E-04
0.210405093,338.7,10.3291,9.58E-04
0.211111111,338.7,10.32793,9.60E-04
0.21181713,338.7,10.32489,9.57E-04
0.212523148,338.7,10.32303,9.51E-04
0.213217593,338.7,10.324,9.49E-04
0.213923611,338.7,10.32526,9.43E-04
0.21462963,338.7,10.3268,9.40E-04
0.215335648,338.7,10.33106,9.43E-04
0.216053241,338.7,10.33667,9.48E-04
0.216759259,338.7,10.33349,9.53E-04
0.217465278,338.7,10.32745,9.51E-04
0.218159722,338.7,10.32507,9.45E-04
0.218865741,338.7,10.32296,9.39E-04
0.219571759,338.7,10.32451,9.41E-04
0.220277778,338.7,10.32593,9.50E-04
0.220983796,338.7,10.32015,9.61E-04
0.221689815,338.7,10.3178,9.71E-04
0.222384259,338.7,10.31677,9.70E-04
0.223090278,338.7,10.3129,9.68E-04
0.223796296,338.7,10.31389,9.62E-04
0.224502315,338.7,10.31528,9.58E-04
0.225208333,338.7,10.31705,9.53E-04
0.225914352,338.7,10.32169,9.54E-04
0.226608796,338.7,10.32358,9.63E-04
0.227314815,338.7,10.32575,9.68E-04
0.228020833,338.7,10.32424,9.64E-04
0.228726852,338.7,10.31885,9.63E-04
0.22943287,338.7,10.32045,9.58E-04
0.230138889,338.7,10.31935,9.52E-04
0.237083333,338.7,10.31873,9.57E-04
0.244027778,338.7,10.32047,9.77E-04
0.25099537,338.7,10.31771,9.60E-04
0.257951389,338.7,10.30926,9.72E-04
0.264907407,338.7,10.31594,9.67E-04
0.271851852,338.7,10.30766,9.87E-04
0.278819444,338.7,10.31059,9.78E-04
0.285763889,338.7,10.31628,9.76E-04
0.292719907,338.7,10.32158,9.84E-04
0.299675926,338.7,10.32943,9.71E-04
0.30662037,338.7,10.31796,1.00E-03
0.313564815,338.7,10.32015,9.92E-04
0.320532407,338.7,10.32339,9.86E-04
0.327476852,338.7,10.31636,9.96E-04
0.334421296,338.7,10.31903,9.96E-04
0.341377315,338.7,10.30604,1.01E-03
0.348333333,338.7,10.30777,9.94E-04
0.355277778,338.7,10.30773,1.00E-03
0.362233796,338.7,10.32156,1.01E-03
0.369189815,338.7,10.32181,1.01E-03
0.376134259,338.7,10.32038,1.01E-03
0.383090278,338.7,10.3155,1.01E-03
0.390034722,338.7,10.31243,1.03E-03
0.396990741,338.7,10.30472,1.02E-03
0.403935185,338.7,10.30505,1.01E-03
0.41087963,338.7,10.32821,1.03E-03
0.417847222,338.7,10.32556,1.02E-03
0.424791667,338.7,10.32216,1.03E-03
0.431736111,338.7,10.31833,1.02E-03
0.438680556,338.7,10.32061,1.04E-03
0.445636574,338.7,10.31956,1.04E-03
0.452581019,338.7,10.32054,1.03E-03
0.459537037,338.7,10.31114,1.04E-03
0.466493056,338.7,10.30915,1.04E-03
0.4734375,338.7,10.30567,1.06E-03
0.480381944,338.7,10.3042,1.04E-03
0.487372685,338.7,10.30211,1.04E-03
0.49431713,338.7,10.32531,1.06E-03
0.501273148,338.7,10.32318,1.05E-03
0.508217593,338.7,10.31226,1.06E-03
0.515173611,338.7,10.32085,1.06E-03
0.522118056,338.7,10.31996,1.06E-03
0.529074074,338.7,10.3199,1.07E-03
0.536030093,338.7,10.31338,1.05E-03
0.542986111,338.7,10.31392,1.06E-03
0.549930556,338.7,10.31402,1.06E-03
0.556875,338.7,10.31207,1.08E-03
0.563842593,338.7,10.30641,1.07E-03
0.570787037,338.7,10.30842,1.07E-03
0.577743056,338.7,10.3071,1.08E-03
0.584699074,338.7,10.31121,1.07E-03
0.591643519,338.7,10.31323,1.08E-03
0.598587963,338.7,10.31817,1.07E-03
0.605555556,338.7,10.31806,1.09E-03
0.6125,338.7,10.31383,1.09E-03
0.619444444,338.7,10.31528,1.08E-03
0.627789352,338.7,10.3086,1.09E-03
0.634247685,338.7,10.31624,1.08E-03
0.641203704,338.7,10.30301,1.10E-03
0.648148148,338.7,10.30796,1.09E-03
0.655104167,338.7,10.30537,1.09E-03
0.662071759,338.7,10.32495,1.10E-03
0.668888889,338.7,10.32543,1.09E-03
0.675185185,338.7,10.31613,1.10E-03
0.682071759,338.7,10.31866,1.09E-03
0.68900463,338.7,10.3194,1.11E-03
0.695960648,338.7,10.32359,1.11E-03
0.702928241,338.7,10.31282,1.10E-03
0.709884259,338.7,10.31683,1.11E-03
0.716828704,338.7,10.31179,1.11E-03
0.723796296,338.7,10.31226,1.12E-03
0.730740741,338.7,10.30952,1.11E-03
0.737708333,338.7,10.30667,1.11E-03
0.744675926,338.7,10.32636,1.12E-03
0.75162037,338.7,10.32374,1.11E-03
0.751631944,338.7,10.32374,1.11E-03
0.758576389,338.7,10.31723,1.13E-03
0.765543981,338.7,10.32506,1.13E-03
0.7725,338.7,10.31934,1.12E-03
0.779456019,338.7,10.32079,1.13E-03
0.786400463,338.7,10.31986,1.12E-03
0.793368056,338.7,10.31219,1.14E-03
0.800324074,338.7,10.31126,1.12E-03
0.807280093,338.7,10.31377,1.14E-03
0.814247685,338.7,10.30598,1.13E-03
0.821203704,338.7,10.30586,1.12E-03
0.828159722,338.7,10.32199,1.13E-03
0.835127315,338.7,10.32027,1.13E-03
0.842071759,338.7,10.31438,1.15E-03
0.849027778,338.7,10.31687,1.14E-03
0.855983796,338.7,10.31486,1.13E-03
0.862951389,338.7,10.31354,1.15E-03
0.869907407,338.7,10.31528,1.14E-03
0.876863426,338.7,10.30576,1.15E-03
0.883831019,338.7,10.30809,1.15E-03
0.890787037,338.7,10.3029,1.15E-03
0.897743056,338.7,10.32345,1.15E-03
0.904699074,338.7,10.31654,1.14E-03
0.911655093,338.7,10.31042,1.16E-03
0.918611111,338.7,10.31179,1.15E-03
0.925578704,338.7,10.31117,1.16E-03
0.932523148,338.7,10.31544,1.16E-03
0.939490741,338.7,10.31697,1.16E-03
0.946458333,338.7,10.30394,1.16E-03
0.953414352,338.7,10.31027,1.16E-03
0.960381944,338.7,10.32669,1.17E-03
0.960393519,338.7,10.32669,1.17E-03
0.967337963,338.7,10.32317,1.16E-03
0.974293981,338.7,10.31685,1.16E-03
0.98125,338.7,10.32517,1.17E-03
0.988217593,338.7,10.31659,1.16E-03
0.995173611,338.7,10.31414,1.17E-03
1.00212963,338.7,10.31822,1.17E-03
1.009085648,338.7,10.32064,1.17E-03
1.016041667,338.7,10.31731,1.18E-03
1.022997685,338.7,10.31445,1.17E-03
1.029953704,338.7,10.31101,1.19E-03
1.036921296,338.7,10.31157,1.17E-03
1.043877315,338.7,10.30798,1.18E-03
1.050833333,338.7,10.32481,1.18E-03
1.057777778,338.7,10.32298,1.17E-03
1.06474537,338.7,10.31154,1.19E-03
1.071701389,338.7,10.31275,1.18E-03
1.078657407,338.7,10.31645,1.20E-03
1.085625,338.7,10.31372,1.18E-03
1.092581019,338.7,10.30794,1.18E-03
1.099537037,338.7,10.31333,1.20E-03
1.099548611,338.7,10.31333,1.20E-03
1.106493056,338.7,10.30686,1.18E-03
1.113460648,338.7,10.30655,1.20E-03
1.120416667,338.7,10.30593,1.19E-03
1.127361111,338.7,10.30459,1.19E-03
1.134328704,338.7,10.3187,1.20E-03
1.141284722,338.7,10.31794,1.19E-03
1.148252315,338.7,10.31453,1.21E-03
1.155208333,338.7,10.31622,1.20E-03
1.162164352,338.7,10.31409,1.19E-03
1.16912037,338.7,10.32256,1.21E-03
1.176076389,338.7,10.31017,1.20E-03
1.183032407,338.7,10.30481,1.21E-03
1.19,338.7,10.30773,1.21E-03
1.196944444,338.7,10.31175,1.21E-03
1.203900463,338.7,10.31399,1.22E-03
1.210868056,338.7,10.30021,1.20E-03
1.2178125,338.7,10.31892,1.21E-03
1.217824074,338.7,10.31892,1.21E-03
1.224768519,338.7,10.31767,1.21E-03
1.231736111,338.7,10.31625,1.23E-03
1.23869213,338.7,10.32199,1.22E-03
1.245648148,338.7,10.31713,1.21E-03
1.252604167,338.7,10.31416,1.22E-03
1.259560185,338.7,10.31474,1.22E-03
1.266516204,338.7,10.30666,1.23E-03
1.273483796,338.7,10.30775,1.23E-03
1.280439815,338.7,10.31868,1.22E-03
1.287395833,338.7,10.31731,1.22E-03
1.294340278,338.7,10.31631,1.22E-03
1.30130787,338.7,10.32085,1.25E-03
1.308252315,338.7,10.31773,1.23E-03
1.315219907,338.7,10.31205,1.22E-03
1.322175926,338.7,10.31707,1.24E-03
1.329131944,338.7,10.31107,1.22E-03
1.336099537,338.7,10.30511,1.25E-03
1.343043981,338.7,10.30786,1.24E-03
1.35,338.7,10.30569,1.23E-03
1.356967593,338.7,10.32152,1.24E-03
1.363923611,338.7,10.31701,1.23E-03
1.37087963,338.7,10.31172,1.25E-03
1.377835648,338.7,10.31141,1.24E-03
1.384803241,338.7,10.31201,1.25E-03
1.391747685,338.7,10.31872,1.25E-03
1.398703704,338.7,10.30927,1.24E-03
1.405659722,338.7,10.30805,1.25E-03
1.412627315,338.7,10.30924,1.25E-03
1.419583333,338.7,10.30448,1.25E-03
1.426539352,338.7,10.32041,1.25E-03
1.43349537,338.7,10.31935,1.25E-03
1.440462963,338.7,10.32242,1.26E-03
1.447418981,338.7,10.31772,1.25E-03
1.454375,338.7,10.31288,1.26E-03
1.461354167,338.7,10.31598,1.25E-03
1.468298611,338.7,10.31436,1.25E-03
1.47525463,338.7,10.31296,1.26E-03
1.482210648,338.7,10.30723,1.26E-03
1.489166667,338.7,10.30877,1.28E-03
1.496122685,338.7,10.30382,1.26E-03
1.503078704,338.7,10.32111,1.26E-03
1.510034722,338.7,10.31765,1.27E-03
1.517002315,338.7,10.31668,1.26E-03
1.523958333,338.7,10.31703,1.27E-03
1.530914352,338.7,10.31373,1.27E-03
1.53787037,338.7,10.31579,1.26E-03
1.544826389,338.7,10.31701,1.27E-03
1.551793981,338.7,10.31295,1.26E-03
1.558738426,338.7,10.30599,1.27E-03
1.55875,338.7,10.30599,1.27E-03
1.56568287,338.7,10.30778,1.27E-03
1.572650463,338.7,10.30949,1.28E-03
1.579606481,338.7,10.31048,1.28E-03
1.586574074,338.7,10.32126,1.27E-03
1.593518519,338.7,10.31274,1.28E-03
1.600486111,338.7,10.31311,1.27E-03
1.60744213,338.7,10.31443,1.29E-03
1.614398148,338.7,10.3178,1.29E-03
1.621354167,338.7,10.3106,1.27E-03
1.628310185,338.7,10.3123,1.29E-03
1.628333333,338.7,10.3123,1.29E-03
1.635266204,338.7,10.30659,1.27E-03
1.642222222,338.7,10.30661,1.29E-03
1.649189815,338.7,10.32401,1.29E-03
1.656134259,338.7,10.32076,1.29E-03
1.663090278,338.7,10.32224,1.29E-03
1.670069444,338.7,10.31857,1.28E-03
1.677013889,338.7,10.31212,1.29E-03
1.683981481,338.7,10.3141,1.29E-03
1.690925926,338.7,10.3185,1.29E-03
1.697893519,338.7,10.31478,1.29E-03
1.704849537,338.7,10.31594,1.29E-03
1.711805556,338.7,10.31066,1.30E-03
1.718761574,338.7,10.30975,1.29E-03
1.718773148,338.7,10.30975,1.29E-03
1.725717593,338.7,10.30906,1.31E-03
1.732673611,338.7,10.31296,1.31E-03
1.739641204,338.7,10.30255,1.29E-03
1.746597222,338.7,10.32452,1.31E-03
1.753553241,338.7,10.31588,1.30E-03
1.760520833,338.7,10.31479,1.32E-03
1.767465278,338.7,10.32512,1.31E-03
1.77443287,338.7,10.31422,1.30E-03
1.781377315,338.7,10.31981,1.32E-03
1.788344907,338.7,10.31362,1.30E-03
1.795289352,338.7,10.30763,1.31E-03
1.802256944,338.7,10.30329,1.31E-03
1.809212963,338.7,10.30672,1.31E-03
1.816168981,338.7,10.30723,1.32E-03
1.823136574,338.7,10.32083,1.30E-03
1.830092593,338.7,10.31603,1.32E-03
1.837060185,338.7,10.31443,1.31E-03
1.84400463,338.7,10.31729,1.33E-03
1.850960648,338.7,10.32164,1.32E-03
1.857928241,338.7,10.31641,1.31E-03
1.864884259,338.7,10.31129,1.33E-03
1.871851852,338.7,10.30736,1.31E-03
1.87880787,338.7,10.30686,1.33E-03
1.885752315,338.7,10.30648,1.32E-03
1.892719907,338.7,10.30433,1.32E-03
1.899675926,338.7,10.32266,1.33E-03
1.906631944,338.7,10.31922,1.32E-03
1.913587963,338.7,10.30525,1.33E-03
1.920555556,338.7,10.30625,1.33E-03
1.9275,338.7,10.30656,1.33E-03
1.934467593,338.7,10.30859,1.33E-03
1.941423611,338.7,10.30158,1.33E-03
1.94837963,338.7,10.31799,1.34E-03
1.955347222,338.7,10.31424,1.32E-03
1.962291667,338.7,10.31275,1.35E-03
1.969247685,338.7,10.31643,1.34E-03
1.976215278,338.7,10.31011,1.33E-03
1.983171296,338.7,10.31181,1.34E-03
1.990127315,338.7,10.30644,1.33E-03
1.997094907,338.7,10.30538,1.35E-03
2.004050926,338.7,10.31382,1.35E-03
2.011006944,338.7,10.30807,1.34E-03
2.017974537,338.7,10.31644,1.34E-03
2.024918981,338.7,10.32503,1.34E-03
2.031886574,338.7,10.31482,1.35E-03
2.038854167,338.7,10.3212,1.35E-03
2.045810185,338.7,10.31328,1.33E-03
2.052766204,338.7,10.31872,1.35E-03
2.059722222,338.7,10.31428,1.34E-03
2.066678241,338.7,10.31541,1.37E-03
2.073634259,338.7,10.31263,1.35E-03
2.080601852,338.7,10.31014,1.35E-03
2.08755787,338.7,10.30976,1.35E-03
2.094525463,338.7,10.30532,1.34E-03
2.10068287,338.7,10.31518,1.36E-03
2.100775463,338.7,10.3151,1.36E-03
2.107719907,338.7,10.31814,1.35E-03
2.114675926,338.7,10.31985,1.36E-03
2.12162037,338.7,10.31992,1.36E-03
2.121631944,338.7,10.31992,1.36E-03
2.128576389,338.7,10.32078,1.35E-03
2.135532407,338.7,10.31562,1.37E-03
2.142476852,338.7,10.31193,1.35E-03
2.149421296,338.7,10.30794,1.37E-03
2.156377315,338.7,10.31352,1.37E-03
2.163333333,338.7,10.30288,1.36E-03
2.170277778,338.7,10.32124,1.37E-03
2.177222222,338.7,10.3173,1.35E-03
2.184178241,338.7,10.31759,1.37E-03
2.191134259,338.7,10.31944,1.37E-03
2.198078704,338.7,10.31405,1.36E-03
2.205046296,338.7,10.30792,1.37E-03
2.211990741,338.7,10.30841,1.36E-03
2.218935185,338.7,10.30951,1.38E-03
2.225902778,338.7,10.32437,1.37E-03
2.232847222,338.7,10.3157,1.36E-03
2.239791667,338.7,10.31891,1.38E-03
2.246747685,338.7,10.31167,1.37E-03
2.253703704,338.7,10.31463,1.37E-03
2.260648148,338.7,10.31255,1.38E-03
2.267592593,338.7,10.30694,1.37E-03
2.274560185,338.7,10.30681,1.39E-03
2.28150463,338.7,10.3064,1.38E-03
2.288449074,338.7,10.30814,1.37E-03
2.295393519,338.7,10.30712,1.38E-03
2.302349537,338.7,10.30242,1.37E-03
2.309305556,338.7,10.31612,1.38E-03
2.31625,338.7,10.31836,1.38E-03
2.323240741,338.7,10.31523,1.38E-03
2.330185185,338.7,10.31916,1.39E-03
2.33712963,338.7,10.31301,1.37E-03
2.344108796,338.7,10.31571,1.39E-03
2.351064815,338.7,10.31567,1.39E-03
3.063576389,338.7,10.31499,1.48E-03
3.068113426,338.7,10.31101,1.47E-03
3.072048611,338.7,10.31023,1.47E-03
3.078993056,338.7,10.31508,1.48E-03
3.085972222,338.7,10.30837,1.47E-03
3.092928241,338.7,10.32013,1.48E-03
3.099872685,338.7,10.32186,1.48E-03
3.106840278,338.7,10.32245,1.47E-03
3.113773148,338.7,10.32186,1.49E-03
3.120729167,338.7,10.31194,1.47E-03
3.127685185,338.7,10.31277,1.49E-03
3.13462963,338.7,10.31381,1.49E-03
3.141574074,338.7,10.30947,1.47E-03
3.162430556,338.7,10.31825,1.50E-03
3.183298611,338.7,10.31336,1.50E-03
3.204143519,338.7,10.31333,1.50E-03
3.224976852,338.7,10.31583,1.50E-03
3.245844907,338.7,10.30681,1.50E-03
3.266689815,338.7,10.31138,1.51E-03
3.287511574,338.7,10.31485,1.52E-03
3.308368056,338.7,10.31895,1.51E-03
3.329201389,338.7,10.31158,1.51E-03
3.35005787,338.7,10.31219,1.51E-03
3.370902778,338.7,10.31476,1.53E-03
3.391759259,338.7,10.31884,1.52E-03
3.412604167,338.7,10.32043,1.53E-03
3.433449074,338.7,10.31227,1.53E-03
3.454293981,338.7,10.30168,1.52E-03
3.475127315,338.7,10.30788,1.54E-03
3.495972222,338.7,10.31946,1.55E-03
3.51681713,338.7,10.3228,1.54E-03
3.537662037,338.7,10.31707,1.54E-03
3.558506944,338.7,10.30891,1.54E-03
3.579351852,338.7,10.30801,1.54E-03
3.600185185,338.7,10.32259,1.57E-03
3.621030093,338.7,10.31934,1.56E-03
3.641863426,338.7,10.3096,1.54E-03
3.662708333,338.7,10.3137,1.55E-03
3.683553241,338.7,10.30631,1.55E-03
3.704409722,338.7,10.32249,1.57E-03
3.72525463,338.7,10.31926,1.57E-03
3.746099537,338.7,10.31274,1.56E-03
3.76693287,338.7,10.30458,1.56E-03
3.787777778,338.7,10.31761,1.57E-03
3.808622685,338.7,10.31177,1.58E-03
3.829467593,338.7,10.31261,1.57E-03
3.8503125,338.7,10.32408,1.57E-03
3.871157407,338.7,10.3159,1.57E-03
3.892002315,338.7,10.31332,1.59E-03
3.912847222,338.7,10.30431,1.58E-03
3.933680556,338.7,10.31982,1.59E-03
3.954525463,338.7,10.31083,1.59E-03
3.975358796,338.7,10.32066,1.59E-03
3.996203704,338.7,10.31645,1.60E-03
4.017048611,338.7,10.314,1.60E-03
4.037893519,338.7,10.30989,1.60E-03
4.058738426,338.7,10.31893,1.59E-03
4.079571759,338.7,10.30256,1.60E-03
4.100428241,338.7,10.31882,1.61E-03
4.121261574,338.7,10.31555,1.60E-03
4.142106481,338.7,10.30408,1.61E-03
4.162951389,338.7,10.33442,1.60E-03
4.183796296,338.7,10.32293,1.61E-03
4.204652778,338.7,10.32855,1.62E-03
4.225497685,338.7,10.33094,1.63E-03
4.246354167,338.7,10.31927,1.62E-03
4.267199074,338.7,10.30484,1.62E-03
4.288032407,338.7,10.317,1.63E-03
4.308877315,338.7,10.30226,1.63E-03
4.329722222,338.7,10.31455,1.62E-03
4.35056713,338.7,10.30963,1.63E-03
4.371435185,338.7,10.31042,1.63E-03
4.392268519,338.7,10.30794,1.64E-03
4.413113426,338.7,10.31602,1.65E-03
4.433946759,338.7,10.31445,1.64E-03
4.454791667,338.7,10.31113,1.64E-03
4.475659722,338.7,10.31665,1.64E-03
4.49650463,338.7,10.30707,1.63E-03
4.517337963,338.7,10.31913,1.67E-03
4.53818287,338.7,10.31922,1.65E-03
4.559016204,338.7,10.31508,1.65E-03
4.579861111,338.7,10.30776,1.65E-03
4.600706019,338.7,10.30858,1.65E-03
4.621574074,338.7,10.30773,1.65E-03
4.642418981,338.7,10.30273,1.66E-03
4.663240741,338.7,10.32401,1.66E-03
4.684108796,338.7,10.31827,1.66E-03
4.70494213,338.7,10.31582,1.66E-03
4.725787037,338.7,10.30602,1.66E-03
4.746631944,338.7,10.31083,1.67E-03
4.767476852,338.7,10.31844,1.67E-03
4.788321759,338.7,10.31572,1.67E-03
4.809166667,338.7,10.3067,1.67E-03
4.829988426,338.7,10.31571,1.67E-03
4.850833333,338.7,10.3165,1.68E-03
4.871678241,338.7,10.3026,1.67E-03
4.892511574,338.7,10.31716,1.70E-03
4.913356481,338.7,10.30579,1.68E-03
4.934201389,338.7,10.30981,1.69E-03
4.955034722,338.7,10.31485,1.67E-03
4.97587963,338.7,10.30904,1.69E-03
4.996701389,338.7,10.30804,1.71E-03
5.017569444,338.7,10.3179,1.69E-03
5.038414352,338.7,10.30947,1.70E-03
5.059259259,338.7,10.30892,1.69E-03
5.080104167,338.7,10.31468,1.70E-03
5.1009375,338.7,10.30802,1.71E-03
5.121782407,338.7,10.3187,1.70E-03
5.142638889,338.7,10.3219,1.71E-03
5.163483796,338.7,10.31208,1.71E-03
5.18431713,338.7,10.30067,1.70E-03
5.205185185,338.7,10.31952,1.70E-03
5.226030093,338.7,10.3104,1.72E-03
5.246863426,338.7,10.32428,1.72E-03
5.267708333,338.7,10.32096,1.72E-03
5.288553241,338.7,10.31034,1.72E-03
5.309398148,338.7,10.30791,1.71E-03
5.330243056,338.7,10.31284,1.71E-03
5.351076389,338.7,10.30837,1.73E-03
5.371909722,338.7,10.32007,1.73E-03
5.39275463,338.7,10.31026,1.72E-03
5.413611111,338.7,10.30861,1.72E-03
5.434456019,338.7,10.32336,1.73E-03
5.455300926,338.7,10.31342,1.74E-03
5.476157407,338.7,10.30501,1.74E-03
5.497002315,338.7,10.31416,1.74E-03
5.517835648,338.7,10.32157,1.74E-03
5.538668981,338.7,10.30766,1.74E-03
5.559513889,338.7,10.31754,1.73E-03
5.580358796,338.7,10.31492,1.76E-03
5.60119213,338.7,10.31982,1.75E-03
5.622037037,338.7,10.31002,1.75E-03
5.642881944,338.7,10.31603,1.74E-03
5.663715278,338.7,10.30679,1.74E-03
5.684548611,338.7,10.30669,1.76E-03
5.705393519,338.7,10.31815,1.75E-03
5.726238426,338.7,10.31809,1.76E-03
5.747071759,338.7,10.30692,1.75E-03
5.767916667,338.7,10.30342,1.75E-03
5.788761574,338.7,10.31068,1.77E-03
5.809606481,338.7,10.30657,1.76E-03
5.830451389,338.7,10.31719,1.77E-03
5.85130787,338.7,10.31316,1.76E-03
5.872152778,338.7,10.31142,1.77E-03
5.892986111,338.7,10.32211,1.76E-03
5.913819444,338.7,10.31467,1.78E-03
5.934664352,338.7,10.31465,1.78E-03
5.955520833,338.7,10.30567,1.77E-03
5.976377315,338.7,10.31739,1.77E-03
5.997222222,338.7,10.31381,1.78E-03
6.018055556,338.7,10.30802,1.79E-03
6.038912037,338.7,10.31214,1.78E-03
6.059756944,338.7,10.31287,1.79E-03
6.080601852,338.7,10.31782,1.78E-03
6.101446759,338.7,10.30886,1.78E-03
6.122280093,338.7,10.31374,1.79E-03
6.143113426,338.7,10.30488,1.80E-03
6.163981481,338.7,10.31938,1.79E-03
6.184814815,338.7,10.30955,1.79E-03
6.20568287,338.7,10.31863,1.78E-03
6.226527778,338.7,10.31532,1.80E-03
6.247361111,338.7,10.31498,1.80E-03
6.268229167,338.7,10.31055,1.80E-03
6.2890625,338.7,10.31598,1.81E-03
6.309907407,338.7,10.32195,1.81E-03
6.330752315,338.7,10.31762,1.80E-03
6.351608796,338.7,10.30295,1.80E-03
6.37244213,338.7,10.31274,1.81E-03
6.393287037,338.7,10.30771,1.82E-03
6.414131944,338.7,10.31753,1.82E-03
6.434965278,338.7,10.31641,1.82E-03
6.455787037,338.7,10.31178,1.82E-03
6.476631944,338.7,10.31507,1.82E-03
6.497476852,338.7,10.31265,1.81E-03
6.518310185,338.7,10.30597,1.83E-03
6.539155093,338.7,10.31004,1.82E-03
6.559988426,338.7,10.31579,1.82E-03
6.580844907,338.7,10.30763,1.82E-03
6.601689815,338.7,10.30842,1.83E-03
6.622523148,338.7,10.32062,1.84E-03
6.643391204,338.7,10.31976,1.83E-03
6.664224537,338.7,10.31293,1.84E-03
6.685069444,338.7,10.30996,1.83E-03
6.705914352,338.7,10.3075,1.83E-03
6.726759259,338.7,10.3149,1.83E-03
6.747592593,338.7,10.31253,1.85E-03
6.768425926,338.7,10.31312,1.84E-03
6.789270833,338.7,10.31313,1.84E-03
6.810115741,338.7,10.30654,1.85E-03
6.830960648,338.7,10.3107,1.84E-03
6.851805556,338.7,10.32099,1.86E-03
6.872638889,338.7,10.31308,1.85E-03
6.893483796,338.7,10.31712,1.85E-03
6.91431713,338.7,10.30978,1.85E-03
6.935162037,338.7,10.31149,1.85E-03
6.956030093,338.7,10.3065,1.85E-03
6.976875,338.7,10.31864,1.87E-03
6.997719907,338.7,10.31378,1.86E-03
7.018587963,338.7,10.31212,1.86E-03
7.039421296,338.7,10.32622,1.87E-03
7.060266204,338.7,10.31924,1.86E-03
7.081111111,338.7,10.31136,1.85E-03
7.101956019,338.7,10.30581,1.86E-03
7.122789352,338.7,10.32103,1.88E-03
7.143634259,338.7,10.32101,1.88E-03
7.164490741,338.7,10.31529,1.87E-03
7.185324074,338.7,10.31283,1.87E-03
7.206180556,338.7,10.30303,1.87E-03
7.227037037,338.7,10.31117,1.87E-03
7.247881944,338.7,10.30303,1.87E-03
7.268726852,338.7,10.30954,1.88E-03
7.289571759,338.7,10.31035,1.88E-03
7.310405093,338.7,10.32003,1.90E-03
7.33125,338.7,10.31928,1.89E-03
7.352083333,338.7,10.31682,1.89E-03
7.372951389,338.7,10.31454,1.89E-03
7.393784722,338.7,10.31111,1.88E-03
7.414618056,338.7,10.31109,1.89E-03
7.435451389,338.7,10.32171,1.89E-03
7.456296296,338.7,10.31074,1.90E-03
7.477164352,338.7,10.31177,1.90E-03
7.497997685,338.7,10.31499,1.90E-03
7.518842593,338.7,10.31424,1.89E-03
7.539675926,338.7,10.31754,1.89E-03
7.560520833,338.7,10.30199,1.90E-03
7.581377315,338.7,10.30376,1.91E-03
7.602222222,338.7,10.32065,1.91E-03
7.62306713,338.7,10.32065,1.91E-03
7.643912037,338.7,10.31251,1.90E-03
7.66474537,338.7,10.31991,1.90E-03
7.685613426,338.7,10.32149,1.91E-03
7.706446759,338.7,10.31403,1.92E-03
7.727291667,338.7,10.30586,1.92E-03
7.748125,338.7,10.32382,1.92E-03
7.768981481,338.7,10.31726,1.92E-03
7.789826389,338.7,10.30834,1.91E-03
7.810694444,338.7,10.32631,1.91E-03
7.831539352,338.7,10.31567,1.92E-03
7.852384259,338.7,10.3074,1.93E-03
7.873240741,338.7,10.32352,1.93E-03
7.894108796,338.7,10.32046,1.93E-03
7.91494213,338.7,10.31392,1.92E-03
7.935787037,338.7,10.31041,1.93E-03
7.956643519,338.7,10.31485,1.92E-03
7.977488426,338.7,10.30819,1.93E-03
7.998356481,338.7,10.30405,1.93E-03
8.019189815,338.7,10.31629,1.94E-03
8.040034722,338.7,10.3179,1.94E-03
8.06087963,338.7,10.30971,1.93E-03
8.081701389,338.7,10.32127,1.93E-03
8.102546296,338.7,10.31214,1.95E-03
8.12337963,338.7,10.30476,1.95E-03
8.144236111,338.7,10.32356,1.95E-03
8.165069444,338.7,10.3203,1.94E-03
8.1859375,338.7,10.31436,1.93E-03
8.206782407,338.7,10.32199,1.94E-03
8.227615741,338.7,10.31295,1.94E-03
8.248472222,338.7,10.30548,1.95E-03
8.269305556,338.7,10.31448,1.95E-03
8.290150463,338.7,10.31665,1.96E-03
8.31099537,338.7,10.32674,1.95E-03
8.331828704,338.7,10.31373,1.95E-03
8.352673611,338.7,10.31118,1.96E-03
8.373518519,338.7,10.30296,1.96E-03
8.394351852,338.7,10.32012,1.96E-03
8.415219907,338.7,10.31848,1.96E-03
8.436064815,338.7,10.30951,1.95E-03
8.456909722,338.7,10.31418,1.95E-03
8.477743056,338.7,10.30972,1.96E-03
8.498587963,338.7,10.30604,1.98E-03
8.51943287,338.7,10.30938,1.97E-03
8.540277778,338.7,10.3216,1.97E-03
8.561111111,338.7,10.3135,1.96E-03
8.581944444,338.7,10.30613,1.97E-03
8.602800926,338.7,10.30863,1.96E-03
8.623645833,338.7,10.30926,1.99E-03
8.644479167,338.7,10.31007,1.98E-03
8.665324074,338.7,10.32077,1.98E-03
8.686168981,338.7,10.31582,1.98E-03
8.706990741,338.7,10.30362,1.97E-03
8.727847222,338.7,10.30354,1.98E-03
8.748680556,338.7,10.31086,1.98E-03
8.769537037,338.7,10.32068,1.99E-03
8.790381944,338.7,10.3231,1.98E-03
8.811238426,338.7,10.31333,1.98E-03
8.832083333,338.7,10.30519,1.98E-03
8.852939815,338.7,10.30507,1.99E-03
8.873773148,338.7,10.30589,1.99E-03
8.894606481,338.7,10.31159,1.99E-03
8.915462963,338.7,10.30668,1.99E-03
8.93630787,338.7,10.32064,1.99E-03
8.957141204,338.7,10.30833,1.99E-03
8.978009259,338.7,10.32134,2.01E-03
8.998854167,338.7,10.31968,2.00E-03
9.019675926,338.7,10.31475,2.00E-03
9.040520833,338.7,10.30501,2.00E-03
9.061377315,338.7,10.31079,1.99E-03
9.082210648,338.7,10.31471,2.01E-03
9.10306713,338.7,10.31062,2.01E-03
9.123900463,338.7,10.32533,2.01E-03
9.144756944,338.7,10.31723,2.00E-03
9.165601852,338.7,10.31555,2.01E-03
9.186435185,338.7,10.31312,2.00E-03
9.207303241,338.7,10.31624,2.02E-03
9.228136574,338.7,10.31219,2.01E-03
9.248969907,338.7,10.31212,2.02E-03
9.269826389,338.7,10.32198,2.02E-03
9.290671296,338.7,10.31059,2.01E-03
9.311527778,338.7,10.32358,2.03E-03
9.332372685,338.7,10.31458,2.02E-03
9.353229167,338.7,10.31617,2.02E-03
9.3740625,338.7,10.30555,2.02E-03
9.394907407,338.7,10.31134,2.02E-03
9.415752315,338.7,10.30737,2.04E-03
9.436585648,338.7,10.30796,2.03E-03
9.457430556,338.7,10.32349,2.03E-03
9.478275463,338.7,10.30855,2.03E-03
9.49912037,338.7,10.30314,2.02E-03
9.519965278,338.7,10.31359,2.04E-03
9.540833333,338.7,10.30956,2.03E-03
9.561689815,338.7,10.31933,2.04E-03
9.582534722,338.7,10.32123,2.03E-03
9.603402778,338.7,10.31607,2.04E-03
9.624247685,338.7,10.30955,2.03E-03
9.645081019,338.7,10.31139,2.04E-03
9.665925926,338.7,10.31359,2.04E-03
9.686770833,338.7,10.31431,2.05E-03
9.707615741,338.7,10.31466,2.03E-03
9.728460648,338.7,10.30786,2.04E-03
9.749305556,338.7,10.30458,2.04E-03
9.770150463,338.7,10.30448,2.05E-03
9.79099537,338.7,10.31429,2.05E-03
9.811840278,338.7,10.3094,2.05E-03
9.832662037,338.7,10.31204,2.05E-03
9.853518519,338.7,10.31758,2.05E-03
9.874363426,338.7,10.31274,2.04E-03
9.895208333,338.7,10.31094,2.06E-03
9.916053241,338.7,10.3224,2.06E-03
9.936886574,338.7,10.31828,2.06E-03
9.957731481,338.7,10.31823,2.07E-03
9.978587963,338.7,10.31095,2.05E-03
9.999421296,338.7,10.30361,2.05E-03
10.0202662,338.7,10.31578,2.07E-03
10.04111111,338.7,10.31004,2.06E-03
10.06195602,338.7,10.31408,2.07E-03
10.08278935,338.7,10.32306,2.07E-03
10.10365741,338.7,10.31632,2.07E-03
10.12450231,338.7,10.30516,2.06E-03
10.14533565,338.7,10.31981,2.07E-03
10.16618056,338.7,10.31182,2.08E-03
10.18701389,338.7,10.31482,2.08E-03
10.2078588,338.7,10.30583,2.08E-03
10.22872685,338.7,10.31485,2.07E-03
10.24957176,338.7,10.30506,2.07E-03
10.27041667,338.7,10.31734,2.07E-03
10.29123843,338.7,10.31158,2.08E-03
10.31210648,338.7,10.30901,2.10E-03
10.33296296,338.7,10.30661,2.08E-03
10.35380787,338.7,10.31829,2.09E-03
10.3746412,338.7,10.30905,2.08E-03
10.39548611,338.7,10.30495,2.08E-03
10.41631944,338.7,10.31398,2.08E-03
10.43717593,338.7,10.32055,2.08E-03
10.45802083,338.7,10.31551,2.10E-03
10.47886574,338.7,10.3049,2.09E-03
10.49969907,338.7,10.32614,2.10E-03
10.52054398,338.7,10.31557,2.09E-03
10.54138889,338.7,10.30169,2.09E-03
10.56224537,338.7,10.31552,2.10E-03
10.58309028,338.7,10.31467,2.10E-03
10.60392361,338.7,10.31546,2.10E-03
10.62478009,338.7,10.32039,2.10E-03
10.645625,338.7,10.309,2.09E-03
10.66645833,338.7,10.30565,2.11E-03
10.68730324,338.7,10.31542,2.11E-03
10.70814815,338.7,10.31543,2.10E-03
10.72899306,338.7,10.31215,2.10E-03
10.74984954,338.7,10.30643,2.10E-03
10.77070602,338.7,10.30566,2.10E-03
10.79155093,338.7,10.31451,2.12E-03
10.81239583,338.7,10.31287,2.12E-03
10.83324074,338.7,10.32676,2.11E-03
10.85409722,338.7,10.31617,2.11E-03
10.87493056,338.7,10.31451,2.11E-03
10.89576389,338.7,10.30878,2.11E-03
10.91663194,338.7,10.31525,2.12E-03
10.93746528,338.7,10.31798,2.12E-03
10.95831019,338.7,10.3128,2.12E-03
10.97914352,338.7,10.30878,2.11E-03
10.99998843,338.7,10.30957,2.12E-03
11.02085648,338.7,10.30785,2.13E-03
11.04168981,338.7,10.32259,2.12E-03
11.06253472,338.7,10.32175,2.13E-03
11.08340278,338.7,10.31277,2.12E-03
11.10423611,338.7,10.31606,2.12E-03
11.12508102,338.7,10.31432,2.14E-03
11.14591435,338.7,10.30696,2.13E-03
11.16677083,338.7,10.3266,2.13E-03
11.18761574,338.7,10.31767,2.12E-03
11.20844907,338.7,10.31515,2.13E-03
11.22930556,338.7,10.30607,2.14E-03
11.25016204,338.7,10.3208,2.14E-03
11.27100694,338.7,10.31507,2.13E-03
11.29184028,338.7,10.30941,2.13E-03
11.31268519,338.7,10.3162,2.13E-03
11.33351852,338.7,10.31261,2.14E-03
11.35438657,338.7,10.31091,2.15E-03
11.37521991,338.7,10.31671,2.14E-03
11.39606481,338.7,10.31016,2.14E-03
11.41689815,338.7,10.32001,2.14E-03
11.43774306,338.7,10.31577,2.16E-03
11.45858796,338.7,10.31908,2.15E-03
11.47943287,338.7,10.31519,2.15E-03
11.5002662,338.7,10.30192,2.14E-03
11.52111111,338.7,10.3077,2.14E-03
11.54193287,338.7,10.30672,2.16E-03
11.56277778,338.7,10.32064,2.16E-03
11.58361111,338.7,10.31169,2.15E-03
11.60445602,338.7,10.30431,2.15E-03
11.62530093,338.7,10.30927,2.15E-03
11.64615741,338.7,10.31242,2.16E-03
11.66699074,338.7,10.30832,2.16E-03
11.68782407,338.7,10.31981,2.16E-03
11.70866898,338.7,10.3182,2.15E-03
11.72951389,338.7,10.3124,2.16E-03
11.7503588,338.7,10.30418,2.17E-03
11.7712037,338.7,10.31701,2.17E-03
11.79204861,338.7,10.31132,2.16E-03
11.81289352,338.7,10.30177,2.16E-03
11.83372685,338.7,10.3126,2.16E-03
11.85458333,338.7,10.30744,2.17E-03
11.87543981,338.7,10.31067,2.18E-03
11.8962963,338.7,10.3254,2.17E-03
11.9171412,338.7,10.32292,2.17E-03
11.93799769,338.7,10.31557,2.17E-03
11.95883102,338.7,10.30904,2.17E-03
11.97967593,338.7,10.31306,2.18E-03
12.00050926,338.7,10.30817,2.17E-03
12.02135417,338.7,10.30974,2.18E-03
12.04219907,338.7,10.31055,2.18E-03
12.06304398,338.7,10.31061,2.17E-03
12.08387731,338.7,10.30868,2.18E-03
12.1047338,338.7,10.30808,2.18E-03
12.12556713,338.7,10.31785,2.19E-03
12.14640046,338.7,10.32033,2.18E-03
12.16724537,338.7,10.31376,2.18E-03
12.18810185,338.7,10.31047,2.18E-03
12.20893519,338.7,10.31953,2.18E-03
12.22978009,338.7,10.30968,2.18E-03
12.25061343,338.7,10.31863,2.19E-03
12.27146991,338.7,10.32269,2.20E-03
12.29230324,338.7,10.31864,2.19E-03
12.31314815,338.7,10.30635,2.19E-03
12.33400463,338.7,10.31212,2.19E-03
12.35483796,338.7,10.30879,2.20E-03
12.37568287,338.7,10.30384,2.20E-03
12.39652778,338.7,10.32102,2.20E-03
12.41737269,338.7,10.30801,2.19E-03
12.43821759,338.7,10.3143,2.19E-03
12.45905093,338.7,10.30793,2.20E-03
12.47989583,338.7,10.31606,2.21E-03
12.50072917,338.7,10.31526,2.21E-03
12.52157407,338.7,10.31522,2.21E-03
12.54240741,338.7,10.32023,2.19E-03
12.56325231,338.7,10.31119,2.20E-03
12.58409722,338.7,10.30869,2.21E-03
12.60494213,338.7,10.31439,2.21E-03
12.62577546,338.7,10.31541,2.21E-03
12.64662037,338.7,10.31026,2.21E-03
12.6674537,338.7,10.30214,2.20E-03
12.68831019,338.7,10.31848,2.20E-03
12.70915509,338.7,10.31756,2.22E-03
12.72998843,338.7,10.31537,2.21E-03
12.75083333,338.7,10.31756,2.22E-03
12.77167824,338.7,10.30996,2.21E-03
12.79251157,338.7,10.31351,2.21E-03
12.81335648,338.7,10.30772,2.22E-03
12.83417824,338.7,10.3036,2.22E-03
12.85502315,338.7,10.32646,2.23E-03
12.87587963,338.7,10.3243,2.22E-03
12.89672454,338.7,10.31999,2.21E-03
12.91756944,338.7,10.30526,2.22E-03
12.93840278,338.7,10.31662,2.23E-03
12.95924769,338.7,10.30765,2.22E-03
12.98009259,338.7,10.31253,2.22E-03
13.0009375,338.7,10.32232,2.23E-03
13.02177083,338.7,10.31503,2.22E-03
13.04261574,338.7,10.30846,2.22E-03
13.06347222,338.7,10.31829,2.23E-03
13.08431713,338.7,10.31243,2.24E-03
13.10516204,338.7,10.31735,2.23E-03
13.12599537,338.7,10.30994,2.24E-03
13.14684028,338.7,10.31764,2.23E-03
13.16767361,338.7,10.31005,2.24E-03
13.18851852,338.7,10.3165,2.25E-03
13.20936343,338.7,10.32381,2.25E-03
13.23020833,338.7,10.31321,2.24E-03
13.25105324,338.7,10.32066,2.23E-03
13.27190972,338.7,10.31656,2.24E-03
13.29274306,338.7,10.30836,2.24E-03
13.31358796,338.7,10.3132,2.25E-03
13.3344213,338.7,10.31564,2.25E-03
13.3552662,338.7,10.31231,2.25E-03
13.37609954,338.7,10.32058,2.24E-03
13.39694444,338.7,10.31072,2.24E-03
13.41778935,338.7,10.30583,2.24E-03
13.43863426,338.7,10.30169,2.25E-03
13.45949074,338.7,10.30749,2.25E-03
13.48033565,338.7,10.30253,2.24E-03
13.50115741,338.7,10.31061,2.26E-03
13.52200231,338.7,10.32208,2.25E-03
13.54284722,338.7,10.32368,2.26E-03
13.56369213,338.7,10.31393,2.25E-03
13.58453704,338.7,10.30817,2.26E-03
13.60538194,338.7,10.31227,2.25E-03
13.62621528,338.7,10.30569,2.26E-03
13.64708333,338.7,10.31713,2.27E-03
13.66792824,338.7,10.31487,2.27E-03
13.68876157,338.7,10.3138,2.27E-03
13.70961806,338.7,10.32444,2.27E-03
13.73045139,338.7,10.31708,2.27E-03
13.75130787,338.7,10.31219,2.27E-03
13.77215278,338.7,10.30814,2.26E-03
13.79298611,338.7,10.30979,2.26E-03
13.81383102,338.7,10.30648,2.27E-03
13.83466435,338.7,10.30721,2.28E-03
13.85549769,338.7,10.31365,2.29E-03
13.87634259,338.7,10.31616,2.28E-03
13.8971875,338.7,10.31209,2.28E-03
13.91804398,338.7,10.32622,2.28E-03
13.93887731,338.7,10.31786,2.27E-03
13.95972222,338.7,10.31775,2.28E-03
13.9805787,338.7,10.30473,2.27E-03
14.00141204,338.7,10.31372,2.27E-03
14.02225694,338.7,10.31044,2.28E-03
14.04310185,338.7,10.30794,2.28E-03
14.06393519,338.7,10.31453,2.28E-03
14.08478009,338.7,10.31036,2.29E-03
14.10564815,338.7,10.30542,2.29E-03
14.12650463,338.7,10.32284,2.29E-03
14.14733796,338.7,10.31608,2.29E-03
14.16820602,338.7,10.31116,2.28E-03
14.1890625,338.7,10.31772,2.29E-03
14.20990741,338.7,10.31037,2.28E-03
14.23077546,338.7,10.30355,2.29E-03
14.2516088,338.7,10.31598,2.30E-03
14.2724537,338.7,10.31026,2.30E-03
14.29331019,338.7,10.30783,2.29E-03
14.31417824,338.7,10.31595,2.30E-03
14.33501157,338.7,10.3127,2.30E-03
14.35586806,338.7,10.32093,2.29E-03
14.37673611,338.7,10.31598,2.29E-03
14.39755787,338.7,10.31353,2.30E-03
14.41840278,338.7,10.31926,2.30E-03
14.43927083,338.7,10.31671,2.31E-03
14.46012731,338.7,10.31263,2.31E-03
14.4809838,338.7,10.30687,2.30E-03
14.5018287,338.7,10.32403,2.31E-03
14.52268519,338.7,10.31672,2.30E-03
14.54354167,338.7,10.31153,2.30E-03
14.56439815,338.7,10.3093,2.31E-03
14.58524306,338.7,10.3102,2.30E-03
14.60607639,338.7,10.30774,2.30E-03
14.6269213,338.7,10.32072,2.31E-03
14.6477662,338.7,10.31824,2.32E-03
14.66862269,338.7,10.31091,2.31E-03
14.68949074,338.7,10.31089,2.32E-03
14.71032407,338.7,10.31823,2.31E-03
14.73114583,338.7,10.31256,2.30E-03
14.75201389,338.7,10.30682,2.31E-03
14.7728588,338.7,10.30598,2.31E-03
14.79371528,338.7,10.31091,2.31E-03
14.81457176,338.7,10.3101,2.31E-03
14.83543981,338.7,10.30917,2.32E-03
14.85628472,338.7,10.31813,2.33E-03
14.8771412,338.7,10.30996,2.32E-03
14.89798611,338.7,10.31567,2.33E-03
14.91883102,338.7,10.31561,2.33E-03
14.93966435,338.7,10.30667,2.32E-03
14.96053241,338.7,10.31649,2.32E-03
14.98140046,338.7,10.31401,2.33E-03
15.00225694,338.7,10.29909,2.32E-03
15.02311343,338.7,10.3143,2.32E-03
15.04395833,338.7,10.3059,2.32E-03
15.06479167,338.7,10.30409,2.34E-03
15.085625,338.7,10.30982,2.34E-03
15.10648148,338.7,10.31473,2.34E-03
15.12731481,338.7,10.31146,2.34E-03
15.14818287,338.7,10.32044,2.34E-03
15.16903935,338.7,10.31312,2.33E-03
15.18988426,338.7,10.32211,2.33E-03
15.21074074,338.7,10.31696,2.33E-03
15.23158565,338.7,10.31393,2.33E-03
15.25244213,338.7,10.31067,2.34E-03
15.27328704,338.7,10.31316,2.33E-03
15.29415509,338.7,10.31548,2.34E-03
15.315,338.7,10.30483,2.35E-03
15.33585648,338.7,10.32361,2.35E-03
15.35672454,338.7,10.31409,2.34E-03
15.37755787,338.7,10.31626,2.35E-03
15.39840278,338.7,10.31794,2.34E-03
15.41925926,338.7,10.31467,2.34E-03
15.44009259,338.7,10.31547,2.35E-03
15.46094907,338.7,10.32116,2.35E-03
15.48180556,338.7,10.31142,2.34E-03
15.50267361,338.7,10.31129,2.35E-03
15.52350694,338.7,10.3178,2.36E-03
15.54435185,338.7,10.31701,2.35E-03
15.56518519,338.7,10.3178,2.35E-03
15.58603009,338.7,10.31129,2.35E-03
15.60686343,338.7,10.32495,2.35E-03
15.62773148,338.7,10.31295,2.35E-03
15.64856481,338.7,10.3056,2.35E-03
15.66940972,338.7,10.32266,2.37E-03
15.6902662,338.7,10.31775,2.36E-03
15.73194444,338.7,10.31612,2.36E-03
15.75280093,338.7,10.31361,2.36E-03
15.77366898,338.7,10.31532,2.36E-03
15.79450231,338.7,10.30958,2.35E-03
15.81537037,338.7,10.3063,2.35E-03
15.83623843,338.7,10.31367,2.36E-03
15.85709491,338.7,10.30551,2.36E-03
15.87795139,338.7,10.32177,2.36E-03
15.89881944,338.7,10.31457,2.37E-03
15.91965278,338.7,10.31739,2.38E-03
15.94050926,338.7,10.31789,2.37E-03
15.96137731,338.7,10.31849,2.37E-03
15.98221065,338.7,10.3217,2.36E-03
16.00305556,338.7,10.31765,2.38E-03
16.02388889,338.7,10.30536,2.37E-03
16.04472222,338.7,10.31437,2.37E-03
16.06555556,338.7,10.30773,2.37E-03
16.08642361,338.7,10.32084,2.39E-03
16.10724537,338.7,10.32572,2.38E-03
16.12809028,338.7,10.3175,2.38E-03
16.14894676,338.7,10.31186,2.38E-03
16.16978009,338.7,10.30448,2.37E-03
16.19064815,338.7,10.31025,2.38E-03
16.21149306,338.7,10.30687,2.38E-03
16.23232639,338.7,10.31591,2.39E-03
16.25315972,338.7,10.32486,2.38E-03
16.27399306,338.7,10.32482,2.39E-03
16.29486111,338.7,10.31015,2.39E-03
16.31571759,338.7,10.30527,2.38E-03
16.33658565,338.7,10.31044,2.38E-03
16.35743056,338.7,10.30525,2.38E-03
16.37828704,338.7,10.31005,2.38E-03
16.39914352,338.7,10.31495,2.40E-03
16.42001157,338.7,10.30845,2.40E-03
16.44083333,338.7,10.3199,2.39E-03
16.46166667,338.7,10.31176,2.39E-03
16.4825,338.7,10.30515,2.38E-03
16.50334491,338.7,10.31558,2.39E-03
16.52421296,338.7,10.31172,2.39E-03
16.54505787,338.7,10.30844,2.39E-03
16.5658912,338.7,10.30193,2.39E-03
16.58671296,338.7,10.30999,2.39E-03
16.60758102,338.7,10.30889,2.41E-03
16.62844907,338.7,10.31814,2.41E-03
16.64929398,338.7,10.32384,2.40E-03
16.67015046,338.7,10.31571,2.40E-03
16.69101852,338.7,10.3002,2.40E-03
16.71185185,338.7,10.31573,2.39E-03
16.73271991,338.7,10.31239,2.40E-03
16.75357639,338.7,10.31313,2.40E-03
16.77443287,338.7,10.31231,2.42E-03
16.79527778,338.7,10.30988,2.41E-03
16.81613426,338.7,10.32129,2.41E-03
16.83697917,338.7,10.31071,2.42E-03
16.85784722,338.7,10.30909,2.40E-03
16.87869213,338.7,10.31728,2.40E-03
16.89956019,338.7,10.30666,2.40E-03
16.92039352,338.7,10.31646,2.40E-03
16.94123843,338.7,10.30504,2.41E-03
16.96209491,338.7,10.32449,2.40E-03
16.98292824,338.7,10.31634,2.43E-03
17.0037963,338.7,10.31469,2.42E-03
17.02465278,338.7,10.31713,2.42E-03
17.04549769,338.7,10.30895,2.42E-03
17.06636574,338.7,10.30657,2.42E-03
17.08719907,338.7,10.30653,2.41E-03
17.10806713,338.7,10.31956,2.42E-03
17.12891204,338.7,10.32364,2.43E-03
17.14976852,338.7,10.3285,2.42E-03
17.17063657,338.7,10.31796,2.43E-03
17.19146991,338.7,10.30896,2.42E-03
17.21232639,338.7,10.31958,2.41E-03
17.23319444,338.7,10.31862,2.42E-03
17.2540625,338.7,10.31295,2.44E-03
17.27489583,338.7,10.32195,2.43E-03
17.29572917,338.7,10.31874,2.43E-03
17.31657407,338.7,10.31239,2.42E-03
17.33744213,338.7,10.30068,2.44E-03
17.35828704,338.7,10.31886,2.43E-03
17.37915509,338.7,10.31538,2.44E-03
17.4,338.7,10.3146,2.44E-03
17.42084491,338.7,10.31045,2.43E-03
17.44167824,338.7,10.31287,2.44E-03
17.46253472,338.7,10.31196,2.44E-03
17.48336806,338.7,10.31283,2.45E-03
17.50422454,338.7,10.31173,2.44E-03
17.52509259,338.7,10.30876,2.45E-03
17.54596065,338.7,10.31451,2.44E-03
17.56679398,338.7,10.3096,2.43E-03
17.58766204,338.7,10.31287,2.44E-03
17.60849537,338.7,10.31038,2.44E-03
17.62934028,338.7,10.30867,2.44E-03
17.65018519,338.7,10.31686,2.45E-03
17.67105324,338.7,10.32093,2.45E-03
17.69189815,338.7,10.31222,2.45E-03
17.71274306,338.7,10.30952,2.45E-03
17.73361111,338.7,10.31362,2.44E-03
17.75446759,338.7,10.30785,2.44E-03
17.7753125,338.7,10.30537,2.45E-03
17.79616898,338.7,10.31346,2.45E-03
17.81702546,338.7,10.30781,2.46E-03
17.8378588,338.7,10.32249,2.45E-03
17.85871528,338.7,10.31434,2.46E-03
17.87958333,338.7,10.31187,2.45E-03
17.90042824,338.7,10.3029,2.45E-03
17.92127315,338.7,10.30532,2.45E-03
17.94212963,338.7,10.31183,2.46E-03
17.96297454,338.7,10.32165,2.46E-03
17.98383102,338.7,10.32106,2.46E-03
18.00465278,338.7,10.31268,2.46E-03
18.02549769,338.7,10.30854,2.46E-03
18.04634259,338.7,10.32081,2.46E-03
18.0671875,338.7,10.31098,2.46E-03
18.08802083,338.7,10.31016,2.46E-03
18.10888889,338.7,10.31176,2.46E-03
18.12975694,338.7,10.30767,2.47E-03
18.15061343,338.7,10.32,2.47E-03
18.17145833,338.7,10.31401,2.46E-03
18.19230324,338.7,10.31092,2.47E-03
18.21313657,338.7,10.32149,2.47E-03
18.23400463,338.7,10.31174,2.47E-03
18.25484954,338.7,10.32321,2.47E-03
18.27568287,338.7,10.31744,2.46E-03
18.29655093,338.7,10.31551,2.47E-03
18.31738426,338.7,10.30925,2.48E-03
18.33824074,338.7,10.31166,2.47E-03
18.3590625,338.7,10.32068,2.48E-03
18.37990741,338.7,10.31495,2.47E-03
18.40076389,338.7,10.30928,2.47E-03
18.4216088,338.7,10.30432,2.47E-03
18.44244213,338.7,10.31414,2.47E-03
18.46328704,338.7,10.30445,2.47E-03
18.48414352,338.7,10.30996,2.49E-03
18.50497685,338.7,10.31158,2.48E-03
18.52583333,338.7,10.32117,2.48E-03
18.54668981,338.7,10.3108,2.48E-03
18.56752315,338.7,10.30483,2.48E-03
18.5883912,338.7,10.30996,2.48E-03
18.60925926,338.7,10.30586,2.48E-03
18.63012731,338.7,10.3173,2.49E-03
18.6509838,338.7,10.31237,2.48E-03
18.67185185,338.7,10.31422,2.49E-03
18.69269676,338.7,10.32131,2.49E-03
18.69270833,338.7,10.32131,2.49E-03
18.71353009,338.7,10.31156,2.49E-03
18.73438657,338.7,10.3107,2.48E-03
18.75523148,338.7,10.32056,2.48E-03
18.77607639,338.7,10.31478,2.48E-03
18.79690972,338.7,10.31226,2.49E-03
18.81777778,338.7,10.31473,2.50E-03
18.83861111,338.7,10.32615,2.49E-03
18.85945602,338.7,10.31827,2.50E-03
18.8803125,338.7,10.30576,2.49E-03
18.90113426,338.7,10.32289,2.49E-03
18.92200231,338.7,10.31444,2.50E-03
18.94283565,338.7,10.31466,2.50E-03
18.96368056,338.7,10.30734,2.50E-03
18.98451389,338.7,10.31793,2.49E-03
19.00538194,338.7,10.309,2.50E-03
19.02623843,338.7,10.3161,2.49E-03
19.04708333,338.7,10.31869,2.50E-03
19.06792824,338.7,10.32033,2.51E-03
19.08877315,338.7,10.31702,2.51E-03
19.10960648,338.7,10.31957,2.51E-03
19.13047454,338.7,10.31463,2.50E-03
19.15131944,338.7,10.30892,2.50E-03
19.17217593,338.7,10.30531,2.50E-03
19.19302083,338.7,10.31374,2.51E-03
19.21384259,338.7,10.31536,2.51E-03
19.23471065,338.7,10.31264,2.51E-03
19.25554398,338.7,10.3195,2.51E-03
19.27640046,338.7,10.31945,2.50E-03
19.29724537,338.7,10.31022,2.51E-03
19.3180787,338.7,10.30637,2.51E-03
19.33891204,338.7,10.31614,2.51E-03
19.35975694,338.7,10.31119,2.51E-03
19.38060185,338.7,10.31937,2.52E-03
19.40144676,338.7,10.31554,2.52E-03
19.42228009,338.7,10.31527,2.51E-03
19.44314815,338.7,10.3128,2.52E-03
19.46398148,338.7,10.30959,2.52E-03
19.48484954,338.7,10.30987,2.51E-03
19.50570602,338.7,10.30309,2.51E-03
19.52655093,338.7,10.3136,2.51E-03
19.54737269,338.7,10.307,2.53E-03
19.56824074,338.7,10.32336,2.54E-03
19.5891088,338.7,10.32337,2.53E-03
19.60994213,338.7,10.31601,2.53E-03
19.63079861,338.7,10.30321,2.53E-03
19.65164352,338.7,10.31772,2.52E-03
19.67248843,338.7,10.31185,2.52E-03
19.69335648,338.7,10.30865,2.54E-03
19.71417824,338.7,10.31026,2.53E-03
19.7350463,338.7,10.32035,2.53E-03
19.75590278,338.7,10.31355,2.53E-03
19.77674769,338.7,10.31108,2.53E-03
19.79758102,338.7,10.32091,2.53E-03
19.81844907,338.7,10.31843,2.53E-03
19.83930556,338.7,10.31589,2.53E-03
19.86015046,338.7,10.31835,2.54E-03
19.88099537,338.7,10.31342,2.54E-03
19.90186343,338.7,10.30853,2.54E-03
19.92270833,338.7,10.31432,2.53E-03
19.94354167,338.7,10.3053,2.52E-03
19.96439815,338.7,10.32083,2.53E-03
19.98525463,338.7,10.31498,2.53E-03
20.00612269,338.7,10.31499,2.55E-03
20.02697917,338.7,10.30684,2.55E-03
20.04783565,338.7,10.31587,2.54E-03
20.0687037,338.7,10.31663,2.53E-03
20.08953704,338.7,10.31254,2.54E-03
20.11037037,338.7,10.30664,2.54E-03
20.13123843,338.7,10.30261,2.53E-03
20.15208333,338.7,10.31572,2.56E-03
20.17293981,338.7,10.31568,2.55E-03
20.1937963,338.7,10.30511,2.55E-03
20.21465278,338.7,10.30677,2.54E-03
20.23549769,338.7,10.30758,2.54E-03
20.25635417,338.7,10.30264,2.54E-03
20.27722222,338.7,10.31057,2.55E-03
20.29809028,338.7,10.30922,2.55E-03
20.31895833,338.7,10.31975,2.54E-03
20.33981481,338.7,10.32313,2.56E-03
20.36065972,338.7,10.31498,2.55E-03
20.38148148,338.7,10.30911,2.55E-03
20.40232639,338.7,10.30749,2.57E-03
20.42315972,338.7,10.31404,2.56E-03
20.44400463,338.7,10.30912,2.56E-03
20.46484954,338.7,10.30909,2.56E-03
20.48570602,338.7,10.30938,2.56E-03
20.50657407,338.7,10.3067,2.55E-03
20.52741898,338.7,10.30511,2.56E-03
20.54828704,338.7,10.3195,2.55E-03
20.56913194,338.7,10.31234,2.57E-03
20.58996528,338.7,10.3156,2.57E-03
20.61082176,338.7,10.31095,2.57E-03
20.63165509,338.7,10.31264,2.56E-03
20.65251157,338.7,10.30663,2.56E-03
20.67335648,338.7,10.3091,2.56E-03
20.69421296,338.7,10.31076,2.56E-03
20.71506944,338.7,10.3041,2.56E-03
20.73590278,338.7,10.31719,2.58E-03
20.75674769,338.7,10.31476,2.57E-03
20.77760417,338.7,10.30252,2.57E-03
20.79844907,338.7,10.31316,2.57E-03
20.81931713,338.7,10.3058,2.56E-03
20.84017361,338.7,10.32122,2.56E-03
20.86103009,338.7,10.31227,2.58E-03
20.881875,338.7,10.31878,2.58E-03
20.90274306,338.7,10.31302,2.58E-03
20.92361111,338.7,10.31142,2.58E-03
20.94446759,338.7,10.31389,2.58E-03
20.96532407,338.7,10.30796,2.58E-03
20.98615741,338.7,10.31394,2.57E-03
21.00702546,338.7,10.31459,2.57E-03
21.02788194,338.7,10.30727,2.59E-03
21.04875,338.7,10.32035,2.58E-03
21.06961806,338.7,10.31225,2.58E-03
21.09043981,338.7,10.30969,2.57E-03
21.11128472,338.7,10.30968,2.59E-03
21.13215278,338.7,10.31218,2.59E-03
21.15298611,338.7,10.30569,2.58E-03
21.17384259,338.7,10.30805,2.57E-03
21.19467593,338.7,10.32114,2.59E-03
21.21554398,338.7,10.31368,2.59E-03
21.23637731,338.7,10.317,2.60E-03
21.2572338,338.7,10.3129,2.59E-03
21.27809028,338.7,10.31072,2.59E-03
21.29895833,338.7,10.31457,2.58E-03
21.31979167,338.7,10.30829,2.59E-03
21.34065972,338.7,10.31131,2.59E-03
21.3615162,338.7,10.30882,2.59E-03
21.38236111,338.7,10.31365,2.59E-03
21.40321759,338.7,10.31591,2.61E-03
21.42407407,338.7,10.31528,2.59E-03
21.44490741,338.7,10.308,2.60E-03
21.46577546,338.7,10.30071,2.59E-03
21.4866088,338.7,10.30881,2.58E-03
21.50747685,338.7,10.31116,2.60E-03
21.52833333,338.7,10.30791,2.61E-03
21.54920139,338.7,10.31931,2.60E-03
21.57003472,338.7,10.3153,2.61E-03
21.59087963,338.7,10.30709,2.60E-03
21.61173611,338.7,10.30139,2.60E-03
21.63259259,338.7,10.30875,2.60E-03
21.6534375,338.7,10.30951,2.60E-03
21.67427083,338.7,10.31931,2.61E-03
21.69513889,338.7,10.31358,2.61E-03
21.7159838,338.7,10.31054,2.61E-03
21.73685185,338.7,10.31935,2.60E-03
21.75768519,338.7,10.31222,2.60E-03
21.77853009,338.7,10.31035,2.60E-03
21.79936343,338.7,10.31678,2.60E-03
21.82019676,338.7,10.31845,2.62E-03
21.84106481,338.7,10.31599,2.61E-03
21.8619213,338.7,10.31431,2.61E-03
21.8827662,338.7,10.32252,2.61E-03
21.90359954,338.7,10.31845,2.61E-03
21.92446759,338.7,10.30703,2.61E-03
21.94532407,338.7,10.32406,2.61E-03
21.96616898,338.7,10.31757,2.63E-03
21.98702546,338.7,10.32079,2.61E-03
22.00784722,338.7,10.31267,2.62E-03
22.02868056,338.7,10.30695,2.61E-03
22.04952546,338.7,10.31513,2.61E-03
22.07039352,338.7,10.30774,2.62E-03
22.09122685,338.7,10.31826,2.62E-03
22.11209491,338.7,10.32155,2.64E-03
22.13292824,338.7,10.32234,2.62E-03
22.1537963,338.7,10.31346,2.63E-03
22.17461806,338.7,10.30748,2.61E-03
22.19546296,338.7,10.31092,2.62E-03
22.21633102,338.7,10.30513,2.63E-03
22.23716435,338.7,10.32208,2.63E-03
22.25803241,338.7,10.32174,2.63E-03
22.27888889,338.7,10.31909,2.63E-03
22.2997338,338.7,10.30359,2.62E-03
22.32056713,338.7,10.31178,2.62E-03
22.34141204,338.7,10.30758,2.62E-03
22.36224537,338.7,10.32744,2.64E-03
22.38309028,338.7,10.32228,2.63E-03
22.40392361,338.7,10.3207,2.64E-03
22.42476852,338.7,10.31497,2.62E-03
22.445625,338.7,10.31169,2.63E-03
22.46646991,338.7,10.30838,2.63E-03
22.48733796,338.7,10.3059,2.64E-03
22.5081713,338.7,10.30835,2.64E-03
22.52900463,338.7,10.31814,2.64E-03
22.54987269,338.7,10.30917,2.64E-03
22.57072917,338.7,10.30268,2.63E-03
22.59159722,338.7,10.31247,2.63E-03
22.61243056,338.7,10.31073,2.64E-03
22.63328704,338.7,10.31732,2.65E-03
22.65413194,338.7,10.32137,2.64E-03
22.67498843,338.7,10.31163,2.65E-03
22.69582176,338.7,10.30347,2.63E-03
22.71667824,338.7,10.30917,2.63E-03
22.7375463,338.7,10.30369,2.64E-03
22.75837963,338.7,10.30577,2.64E-03
22.77922454,338.7,10.31318,2.66E-03
22.80006944,338.7,10.31584,2.64E-03
22.82092593,338.7,10.30991,2.65E-03
22.84177083,338.7,10.30986,2.64E-03
22.86261574,338.7,10.31403,2.65E-03
22.88346065,338.7,10.3221,2.64E-03
22.9043287,338.7,10.31472,2.65E-03
22.92518519,338.7,10.31882,2.66E-03
22.94605324,338.7,10.31146,2.66E-03
22.96690972,338.7,10.31799,2.65E-03
22.98775463,338.7,10.30738,2.65E-03
23.00859954,338.7,10.31643,2.65E-03
23.02944444,338.7,10.31236,2.65E-03
23.05030093,338.7,10.31383,2.65E-03
23.07113426,338.7,10.31138,2.67E-03
23.09197917,338.7,10.31386,2.66E-03
23.11283565,338.7,10.3164,2.66E-03
23.13368056,338.7,10.30906,2.65E-03
23.15453704,338.7,10.3188,2.64E-03
23.17540509,338.7,10.32119,2.66E-03
23.19622685,338.7,10.31631,2.66E-03
23.21707176,338.7,10.30896,2.66E-03
23.23790509,338.7,10.31227,2.65E-03
23.25873843,338.7,10.30815,2.65E-03
23.27958333,338.7,10.3236,2.66E-03
23.30041667,338.7,10.32089,2.67E-03
23.32128472,338.7,10.31949,2.67E-03
23.3421412,338.7,10.31868,2.67E-03
23.36299769,338.7,10.30727,2.67E-03
23.38386574,338.7,10.31441,2.66E-03
23.4047338,338.7,10.31128,2.66E-03
23.42556713,338.7,10.30659,2.67E-03
23.44640046,338.7,10.32438,2.67E-03
23.46724537,338.7,10.31701,2.67E-03
23.4880787,338.7,10.30808,2.67E-03
23.50893519,338.7,10.31519,2.66E-03
23.52980324,338.7,10.312,2.67E-03
23.55065972,338.7,10.31694,2.69E-03
23.5715162,338.7,10.30957,2.68E-03
23.59238426,338.7,10.31867,2.67E-03
23.61321759,338.7,10.31045,2.66E-03
23.63408565,338.7,10.30637,2.67E-03
23.6549537,338.7,10.31446,2.67E-03
23.67581019,338.7,10.31612,2.68E-03
23.69667824,338.7,10.31207,2.67E-03
23.71752315,338.7,10.30549,2.67E-03
23.73835648,338.7,10.30798,2.67E-03
23.75918981,338.7,10.30705,2.67E-03
23.78003472,338.7,10.30381,2.69E-03
23.80086806,338.7,10.32199,2.68E-03
23.82172454,338.7,10.31523,2.68E-03
23.84259259,338.7,10.30628,2.68E-03
23.86342593,338.7,10.32013,2.67E-03
23.88429398,338.7,10.31278,2.68E-03
23.90511574,338.7,10.30784,2.69E-03
23.92596065,338.7,10.32335,2.68E-03
23.94679398,338.7,10.32015,2.69E-03
23.96762731,338.7,10.30956,2.68E-03
23.9884838,338.7,10.31847,2.67E-03
24.00934028,338.7,10.31458,2.69E-03
24.03018519,338.7,10.31681,2.69E-03
24.05101852,338.7,10.31267,2.69E-03
24.071875,338.7,10.30123,2.69E-03
24.09273148,338.7,10.31842,2.68E-03
24.11356481,338.7,10.31475,2.68E-03
24.13443287,338.7,10.31178,2.71E-03
24.15527778,338.7,10.31261,2.69E-03
24.17611111,338.7,10.30936,2.69E-03
24.19695602,338.7,10.30421,2.69E-03
24.21780093,338.7,10.30527,2.69E-03
24.23864583,338.7,10.31264,2.69E-03
24.25947917,338.7,10.31183,2.69E-03
24.28032407,338.7,10.30682,2.69E-03
24.30115741,338.7,10.30358,2.71E-03
24.32200231,338.7,10.31645,2.71E-03
24.34287037,338.7,10.31427,2.70E-03
24.36371528,338.7,10.31183,2.70E-03
24.38457176,338.7,10.30693,2.69E-03
24.40541667,338.7,10.31196,2.70E-03
24.42626157,338.7,10.31009,2.72E-03
24.44710648,338.7,10.31257,2.71E-03
24.46795139,338.7,10.30824,2.70E-03
24.48881944,338.7,10.31344,2.70E-03
24.50965278,338.7,10.31227,2.70E-03
24.53050926,338.7,10.30431,2.71E-03
24.55135417,338.7,10.32149,2.71E-03
24.57219907,338.7,10.31986,2.71E-03
24.59304398,338.7,10.3125,2.71E-03
24.61387731,338.7,10.31011,2.71E-03
24.6347338,338.7,10.31329,2.70E-03
24.6555787,338.7,10.30919,2.71E-03
24.67640046,338.7,10.31812,2.71E-03
24.69724537,338.7,10.30829,2.72E-03
24.71809028,338.7,10.32146,2.71E-03
24.73892361,338.7,10.31819,2.71E-03
24.75976852,338.7,10.31246,2.71E-03
24.78060185,338.7,10.30828,2.71E-03
24.80146991,338.7,10.30336,2.72E-03
24.82231481,338.7,10.31568,2.72E-03
24.84314815,338.7,10.31972,2.71E-03
24.86399306,338.7,10.32462,2.72E-03
24.88483796,338.7,10.31896,2.72E-03
24.90568287,338.7,10.31568,2.71E-03
24.9265162,338.7,10.30181,2.71E-03
24.94736111,338.7,10.31481,2.71E-03
24.96819444,338.7,10.306,2.72E-03
24.98902778,338.7,10.31806,2.73E-03
25.00987269,338.7,10.31962,2.72E-03
25.03071759,338.7,10.31907,2.73E-03
25.0515625,338.7,10.31477,2.72E-03
25.07240741,338.7,10.30745,2.72E-03
25.09325231,338.7,10.31141,2.72E-03
25.11409722,338.7,10.31308,2.74E-03
25.13493056,338.7,10.31739,2.73E-03
25.15576389,338.7,10.31726,2.73E-03
25.17663194,338.7,10.31476,2.72E-03
25.19747685,338.7,10.30982,2.73E-03
25.21831019,338.7,10.30396,2.73E-03
25.23915509,338.7,10.3149,2.75E-03
25.26,338.7,10.3131,2.74E-03
25.28085648,338.7,10.30735,2.72E-03
25.30170139,338.7,10.31631,2.73E-03
25.32253472,338.7,10.3097,2.73E-03
25.34337963,338.7,10.32113,2.73E-03
25.36422454,338.7,10.31628,2.74E-03
25.38508102,338.7,10.30732,2.73E-03
25.40592593,338.7,10.31293,0.00272887
25.42677083,338.7,10.30315,0.002747752
25.44760417,338.7,10.31948,0.002738124
25.46844907,338.7,10.309,0.002742319
25.48929398,338.7,10.3198,0.002722869
25.51013889,338.7,10.31294,0.002734969
25.5309838,338.7,10.31129,0.002748588
25.5518287,338.7,10.31534,0.00274536
25.57266204,338.7,10.31213,0.002747428
25.59351852,338.7,10.30584,0.002737389
25.61436343,338.7,10.31452,0.002741438
25.63518519,338.7,10.31203,0.002749643
25.65603009,338.7,10.31452,0.002755906
25.676875,338.7,10.31862,0.002748911
25.69770833,338.7,10.31621,0.002747308
25.71855324,338.7,10.30969,0.002741879
25.73939815,338.7,10.30219,0.002740067
25.76024306,338.7,10.3153,0.002762221
25.78108796,338.7,10.30878,0.002757032
25.80193287,338.7,10.31292,0.002749736
25.8227662,338.7,10.31211,0.002743482
25.84361111,338.7,10.31199,0.002744443
25.86445602,338.7,10.31772,0.002761014
25.88530093,338.7,10.30954,0.002755934
25.90614583,338.7,10.30471,0.002753087
25.92699074,338.7,10.31138,0.002743026
25.94782407,338.7,10.30401,0.002761537
25.96865741,338.7,10.32097,0.002756973
25.98950231,338.7,10.31553,0.002758867
26.01034722,338.7,10.30224,0.002749393
26.03121528,338.7,10.31358,0.002748222
26.05204861,338.7,10.3103,0.002761233
26.07289352,338.7,10.30846,0.002763917
26.09372685,338.7,10.31774,0.002760057
26.11458333,338.7,10.30871,0.002754344
26.13542824,338.7,10.3078,0.002755148
26.15627315,338.7,10.30781,0.00277135
26.17711806,338.7,10.30782,0.002765071
26.19796296,338.7,10.31852,0.002759496
26.21880787,338.7,10.31513,0.002757383
26.23966435,338.7,10.3159,0.002767884
26.26050926,338.7,10.32087,0.002772401
26.28134259,338.7,10.32282,0.002762837
26.30217593,338.7,10.31511,0.002759417
26.32302083,338.7,10.32004,0.002775534
26.34388889,338.7,10.31192,0.00276525
26.36472222,338.7,10.30459,0.002756737
26.38555556,338.7,10.30784,0.002755207
26.40640046,338.7,10.31755,0.002762633
26.42724537,338.7,10.31919,0.002777652
26.44809028,338.7,10.31351,0.002769927
26.46893519,338.7,10.3078,0.002770274
26.48976852,338.7,10.30536,0.002766639
26.51061343,338.7,10.30419,0.002768885
26.53144676,338.7,10.31097,0.002784889
26.55231481,338.7,10.31668,0.002780894
26.57314815,338.7,10.3086,0.00277892
26.59399306,338.7,10.30475,0.002766777
26.61482639,338.7,10.30538,0.002769388
26.6356713,338.7,10.3053,0.002767299
26.65650463,338.7,10.3085,0.002774976
26.67734954,338.7,10.31012,0.002786947
26.69819444,338.7,10.3216,0.002784994
26.71903935,338.7,10.31569,0.002781402
26.73987269,338.7,10.3118,0.002767466
26.76072917,338.7,10.30202,0.002774629
26.78159722,338.7,10.30846,0.002775038
26.80241898,338.7,10.32074,0.002789802
26.82326389,338.7,10.32562,0.002786311
26.8441088,338.7,10.31935,0.002786974
26.8649537,338.7,10.30907,0.002784287
26.88579861,338.7,10.31748,0.002782604
26.90664352,338.7,10.31256,0.002784124
26.92747685,338.7,10.315,0.002788357
26.94832176,338.7,10.30765,0.002785823
26.96914352,338.7,10.31587,0.002786778
26.99,338.7,10.30599,0.00278073
27.01086806,338.7,10.31738,0.002785178
27.03171296,338.7,10.31411,0.002794601
27.05255787,338.7,10.32149,0.002794384
27.07342593,338.7,10.32234,0.002782222
27.09427083,338.7,10.31059,0.002793689
27.11511574,338.7,10.30677,0.002788181
27.1359375,338.7,10.32249,0.002797464
27.15679398,338.7,10.32715,0.002794457
27.17763889,338.7,10.31329,0.002785778
27.1984838,338.7,10.31488,0.002792487
27.21935185,338.7,10.30672,0.002792906
27.24019676,338.7,10.31565,0.002800356
27.26103009,338.7,10.31971,0.002802688
27.281875,338.7,10.31398,0.002800883
27.30270833,338.7,10.30834,0.002791303
27.32354167,338.7,10.31816,0.002791852
27.34438657,338.7,10.31064,0.002814136
27.36523148,338.7,10.32705,0.00280301
27.38608796,338.7,10.32628,0.002795679
27.40694444,338.7,10.32059,0.002795428
27.42778935,338.7,10.3149,0.002796193
27.44862269,338.7,10.31312,0.002811432
27.46945602,338.7,10.32047,0.002806312
27.49030093,338.7,10.31076,0.002796374
27.51114583,338.7,10.31157,0.002800476
27.53200231,338.7,10.30743,0.002809028
27.5528588,338.7,10.31963,0.002814289
27.5737037,338.7,10.31717,0.002808741
27.59456019,338.7,10.30579,0.002800287
27.61538194,338.7,10.31722,0.002803957
27.63622685,338.7,10.30737,0.002813754
27.65709491,338.7,10.30761,0.002809083
27.67792824,338.7,10.32286,0.002813597
27.6987963,338.7,10.31072,0.002793864
27.7196412,338.7,10.30333,0.002803649
27.74048611,338.7,10.31794,0.002818525
27.76133102,338.7,10.31578,0.002807706
27.78216435,338.7,10.3098,0.002805909
27.80302083,338.7,10.31695,0.002805579
27.82387731,338.7,10.31884,0.002804387
27.84472222,338.7,10.31711,0.00281544
27.86556713,338.7,10.31708,0.00281855
27.88640046,338.7,10.30655,0.002804988
27.90724537,338.7,10.31146,0.002812616
27.92806713,338.7,10.30407,0.002814987
27.94892361,338.7,10.31464,0.002820894
27.96978009,338.7,10.32116,0.002817952
27.990625,338.7,10.30975,0.002811591
28.01146991,338.7,10.30322,0.002814533
28.03230324,338.7,10.31377,0.002826539
28.0531713,338.7,10.31129,0.002823025
28.0740162,338.7,10.32195,0.002819065
28.09484954,338.7,10.31466,0.002813001
28.11568287,338.7,10.3072,0.002824342
28.1365162,338.7,10.31885,0.002828543
28.15736111,338.7,10.3056,0.002819127
28.17819444,338.7,10.31698,0.002828119
28.19903935,338.7,10.31938,0.002829424
28.21987269,338.7,10.317,0.002820286
28.24071759,338.7,10.3129,0.002824054
28.26155093,338.7,10.30304,0.00283134
28.28239583,338.7,10.32345,0.002830381
28.30324074,338.7,10.31869,0.002813421
28.3240625,338.7,10.31046,0.0028258
28.34490741,338.7,10.31038,0.002833037
28.36575231,338.7,10.31446,0.002832917
28.38659722,338.7,10.30798,0.00282689
28.40743056,338.7,10.31701,0.002825428
28.42829861,338.7,10.31604,0.002845906
28.44914352,338.7,10.31526,0.002838574
28.46997685,338.7,10.31286,0.002827284
28.49082176,338.7,10.3104,0.002832021
28.51165509,338.7,10.30938,0.002827805
28.5325,338.7,10.30705,0.002844256
28.55334491,338.7,10.30626,0.002836925
28.57417824,338.7,10.31035,0.002836267
28.59502315,338.7,10.31639,0.002827598
28.61585648,338.7,10.3152,0.002844913
28.63671296,338.7,10.31355,0.002843886
28.65753472,338.7,10.30864,0.00284104
28.67837963,338.7,10.31929,0.002836901
28.69921296,338.7,10.30626,0.002837523
28.72005787,338.7,10.31951,0.00284114
28.74090278,338.7,10.31924,0.002842643
28.76174769,338.7,10.30626,0.002833277
28.78259259,338.7,10.3086,0.002850968
28.8034375,338.7,10.31349,0.002845562
28.82425926,338.7,10.31269,0.002843552
28.84510417,338.7,10.30297,0.002833972
28.86597222,338.7,10.31263,0.002854556
28.88680556,338.7,10.31753,0.002853156
28.90765046,338.7,10.32109,0.002843664
28.92850694,338.7,10.31109,0.002837859
28.94935185,338.7,10.30936,0.00285519
28.97018519,338.7,10.31751,0.002853814
28.99103009,338.7,10.31674,0.002846004
29.01185185,338.7,10.30696,0.002843721
29.03270833,338.7,10.31096,0.002860345
29.05356481,338.7,10.31749,0.002856386
29.07439815,338.7,10.31676,0.002844868
29.0952662,338.7,10.30943,0.002842572
29.11611111,338.7,10.31334,0.002868586
29.13697917,338.7,10.31337,0.002861231
29.15783565,338.7,10.3077,0.002852608
29.1787037,338.7,10.31947,0.002845864
29.19953704,338.7,10.31337,0.002865954
29.22037037,338.7,10.3177,0.002861044
29.2412037,338.7,10.31835,0.002846974
29.26204861,338.7,10.30857,0.002846842
29.28288194,338.7,10.30596,0.002870418
29.30375,338.7,10.31661,0.00286275
29.32461806,338.7,10.31345,0.002848194
29.34543981,338.7,10.3047,0.002847614
29.36628472,338.7,10.31495,0.002868001
29.38712963,338.7,10.31332,0.002865478
29.40799769,338.7,10.30931,0.002854116
29.42883102,338.7,10.30908,0.002856693
29.44967593,338.7,10.31412,0.002871134
29.47053241,338.7,10.31413,0.002865335
29.49137731,338.7,10.30928,0.002857346
29.51224537,338.7,10.30358,0.002857991
29.5330787,338.7,10.31005,0.00286659
29.55393519,338.7,10.30677,0.00286573
29.57480324,338.7,10.32065,0.002866219
29.59564815,338.7,10.31496,0.002864353
29.61649306,338.7,10.32071,0.002861971
29.63732639,338.7,10.31575,0.002867977
29.65815972,338.7,10.32142,0.00287086
29.67900463,338.7,10.3185,0.002856416
29.69982639,338.7,10.31328,0.002870083
29.7206713,338.7,10.30835,0.002875072
29.74153935,338.7,10.31628,0.002870473
29.76237269,338.7,10.31812,0.00287311
29.78321759,338.7,10.31084,0.002862442
29.80407407,338.7,10.31819,0.002866291
29.82490741,338.7,10.31073,0.002883313
29.84577546,338.7,10.31343,0.00287546
29.8666088,338.7,10.319,0.002866806
29.88747685,338.7,10.31571,0.002872164
29.90831019,338.7,10.32273,0.002885411
29.92915509,338.7,10.32141,0.002873491
29.95,338.7,10.323,0.002878109
29.97083333,338.7,10.3116,0.002873361
29.99170139,338.7,10.30588,0.002874128
30.0125463,338.7,10.31641,0.002882608
30.03341435,338.7,10.31885,0.002880323
30.05424769,338.7,10.31239,0.002873338
30.07509259,338.7,10.30508,0.002869487
30.09592593,338.7,10.31395,0.00288842
30.11677083,338.7,10.30903,0.002885515
30.13763889,338.7,10.32267,0.00288649
30.15847222,338.7,10.32053,0.002879856
30.17931713,338.7,10.30909,0.00288085
30.20016204,338.7,10.30737,0.002891903
30.2209838,338.7,10.318,0.002890812
30.2418287,338.7,10.32762,0.002880006
30.26267361,338.7,10.32137,0.002876123
30.28353009,338.7,10.31724,0.002881028
30.304375,338.7,10.3188,0.002890371
30.32523148,338.7,10.31638,0.002885778
30.34607639,338.7,10.3115,0.002882333
30.3669213,338.7,10.30739,0.002889211
30.38775463,338.7,10.3098,0.002895478
30.40861111,338.7,10.31303,0.002894187
30.42945602,338.7,10.31797,0.002887883
30.45028935,338.7,10.31553,0.002889988
30.47113426,338.7,10.30492,0.002889942
30.49196759,338.7,10.3122,0.002896425
30.51282407,338.7,10.31628,0.00289469
30.53366898,338.7,10.32615,0.002890034
30.55451389,338.7,10.318,0.002890394
30.57538194,338.7,10.31299,0.002903217
30.59622685,338.7,10.31215,0.002900611
30.61707176,338.7,10.31467,0.002896292
30.63790509,338.7,10.30736,0.002893517
30.65875,338.7,10.31951,0.002905538
30.67959491,338.7,10.31893,0.002902984
30.70041667,338.7,10.31954,0.002896568
30.72128472,338.7,10.31138,0.002892323
30.74211806,338.7,10.30556,0.002911808
30.76297454,338.7,10.31864,0.002906041
30.78380787,338.7,10.31569,0.002894827
30.80465278,338.7,10.30156,0.002894286
30.82549769,338.7,10.31373,0.002909475
30.84634259,338.7,10.31806,0.002903965
30.86716435,338.7,10.31864,0.002907177
30.88800926,338.7,10.313,0.002896401
30.90884259,338.7,10.30232,0.002901618
30.9296875,338.7,10.308,0.002908088
30.95053241,338.7,10.31148,0.002907986
30.97137731,338.7,10.31464,0.002894738
30.99224537,338.7,10.30885,0.002908063
31.01309028,338.7,10.31118,0.002917323
31.03393519,338.7,10.31423,0.002913586
31.09644676,338.7,10.32177,0.002919044
31.11731481,338.7,10.31779,0.002906126
31.1381713,338.7,10.30456,0.002929178
31.15902778,338.7,10.32663,0.002923566
31.17986111,338.7,10.32591,0.00290792
31.20071759,338.7,10.31855,0.002909333
31.2215625,338.7,10.32093,0.002918053
31.24239583,338.7,10.31038,0.002907002
31.26324074,338.7,10.3101,0.002914305
31.2841088,338.7,10.31356,0.002925266
31.30494213,338.7,10.31194,0.002920589
31.32577546,338.7,10.30872,0.002910818
31.34662037,338.7,10.30876,0.00291279
31.36748843,338.7,10.30869,0.002924333
31.38833333,338.7,10.30705,0.002917086
31.40918981,338.7,10.31523,0.002919357
31.43003472,338.7,10.31115,0.002920075
31.45087963,338.7,10.31279,0.002922597
31.47172454,338.7,10.30704,0.002923962
31.4925463,338.7,10.31838,0.002932838
31.5133912,338.7,10.31193,0.002922623
31.53422454,338.7,10.30864,0.002923796
31.55506944,338.7,10.30449,0.002937133
31.57592593,338.7,10.30558,0.002929327
31.59675926,338.7,10.31753,0.002935554
31.61760417,338.7,10.31927,0.002922886
31.63846065,338.7,10.31106,0.002929525
31.65931713,338.7,10.30363,0.002931538
31.68015046,338.7,10.3118,0.002934825
31.70100694,338.7,10.30941,0.002922877
31.72185185,338.7,10.31841,0.002927635
31.74269676,338.7,10.31262,0.002937851
31.76356481,338.7,10.31178,0.002936859
31.78439815,338.7,10.31292,0.002925822
31.80525463,338.7,10.30287,0.002926298
31.82608796,338.7,10.30659,0.0029464
31.84694444,338.7,10.31586,0.002941882
31.86778935,338.7,10.31996,0.002933269
31.88862269,338.7,10.31345,0.002930412
31.90946759,338.7,10.31266,0.00293468
31.93030093,338.7,10.3028,0.002938259
31.95114583,338.7,10.32725,0.002944537
31.97199074,338.7,10.31669,0.002933965
31.99284722,338.7,10.31341,0.002934061
