sige,time,eps,Tabs
13.18821,0,0,318.15
16.2577,1.04E-04,0.000732157,318.15
17.8303,1.97E-04,0.001641996,318.15
19.34947,3.01E-04,0.002803963,318.15
19.57079,3.94E-04,0.003289447,318.15
19.89332,4.98E-04,0.003964465,318.15
19.92054,0.000590278,0.004296482,318.15
20.00213,0.000694444,0.004537729,318.15
19.99115,0.000787037,0.004744319,318.15
20.11727,0.000891204,0.004924205,318.15
20.19597,0.00099537,0.005085051,318.15
20.20764,0.001099537,0.005237945,318.15
20.30178,0.001203704,0.005375203,318.15
20.31649,0.001296296,0.0055102,318.15
20.43377,0.001400463,0.005632733,318.15
20.43816,0.001493056,0.005761283,318.15
20.4441,0.001597222,0.00584357,318.15
20.60264,0.001701389,0.005991897,318.15
20.6368,0.001793981,0.006078287,318.15
20.41329,0.001898148,0.006162162,318.15
20.458,0.001990741,0.00621566,318.15
20.57743,0.002094907,0.006316241,318.15
20.58649,0.002199074,0.006392088,318.15
20.59059,0.002303241,0.006465179,318.15
20.59362,0.002407407,0.006511246,318.15
20.63907,0.0025,0.0065799,318.15
20.66622,0.002604167,0.006669764,318.15
20.65837,0.002708333,0.006733382,318.15
20.66629,0.002800926,0.006789135,318.15
20.64566,0.002905093,0.006842967,318.15
20.64459,0.002997685,0.006892417,318.15
20.6332,0.003101852,0.006941568,318.15
20.62873,0.003194444,0.006974076,318.15
20.71378,0.003298611,0.007037535,318.15
20.67874,0.003391204,0.007086693,318.15
20.6624,0.00349537,0.007129723,318.15
20.63493,0.003587963,0.00716957,318.15
20.64458,0.003703704,0.007208938,318.15
20.62097,0.003796296,0.007245002,318.15
20.67454,0.003888889,0.007271148,318.15
20.64769,0.003993056,0.007309979,318.15
20.63395,0.004085648,0.007344844,318.15
20.63422,0.004189815,0.007390411,318.15
20.66434,0.004293981,0.007422272,318.15
20.6446,0.004513889,0.007489787,318.15
20.67884,0.00474537,0.007563799,318.15
20.65189,0.004988426,0.007636735,318.15
20.63144,0.005219907,0.00771136,318.15
20.6794,0.005451389,0.007779194,318.15
20.65496,0.005671296,0.007832058,318.15
20.69653,0.005902778,0.00789136,318.15
20.6719,0.006145833,0.007962154,318.15
20.6381,0.006377315,0.008016831,318.15
20.67007,0.006608796,0.008071091,318.15
20.64905,0.006828704,0.008116871,318.15
20.68855,0.007060185,0.008166805,318.15
20.65019,0.007291667,0.008225285,318.15
20.64722,0.007534722,0.008266439,318.15
20.65903,0.007766204,0.008322517,318.15
20.65499,0.007997685,0.008362713,318.15
20.69226,0.008217593,0.008414103,318.15
20.67505,0.008449074,0.008466398,318.15
20.648,0.00869213,0.008509067,318.15
20.64781,0.008923611,0.008550834,318.15
20.67286,0.009155093,0.008595011,318.15
20.64166,0.009386574,0.008630041,318.15
20.6551,0.009618056,0.008671153,318.15
20.68016,0.009861111,0.008714131,318.15
20.66298,0.010092593,0.008761566,318.15
20.68238,0.010451389,0.008822428,318.15
20.64822,0.010810185,0.00887493,318.15
20.6684,0.011168981,0.00893778,318.15
20.64778,0.011539352,0.00899287,318.15
20.68335,0.011898148,0.0090461,318.15
20.68052,0.012627315,0.00915895,318.15
20.68468,0.013333333,0.00926037,318.15
20.64483,0.014039352,0.00935252,318.15
20.6493,0.014756944,0.00944963,318.15
20.66358,0.015486111,0.00954433,318.15
20.64811,0.01619213,0.00963361,318.15
20.64442,0.016909722,0.00971725,318.15
20.644,0.017604167,0.00979968,318.15
20.65395,0.018333333,0.00988314,318.15
20.72382,0.019027778,0.00996222,318.15
20.65703,0.019756944,0.01004684,318.15
20.69507,0.020439815,0.01011923,318.15
20.65338,0.021168981,0.01019368,318.15
20.6697,0.021898148,0.01026711,318.15
20.67869,0.023310185,0.0104129,318.15
20.66984,0.024733796,0.01055539,318.15
20.6574,0.026157407,0.01068862,318.15
20.65799,0.027569444,0.01081673,318.15
20.65283,0.028981481,0.01093913,318.15
20.65497,0.031099537,0.01112231,318.15
20.65721,0.033206019,0.01129327,318.15
20.65188,0.0353125,0.01145816,318.15
20.66327,0.03880787,0.01171847,318.15
20.69113,0.042303241,0.01196447,318.15
20.67969,0.045810185,0.01220456,318.15
20.67192,0.049293981,0.01242718,318.15
20.64157,0.052789352,0.01264217,318.15
20.66823,0.056284722,0.01285383,318.15
20.65687,0.059780093,0.01305882,318.15
20.6684,0.063275463,0.01325387,318.15
20.65544,0.066759259,0.01343983,318.15
20.65798,0.07025463,0.01363042,318.15
20.66344,0.07375,0.01380314,318.15
20.64105,0.07724537,0.01398104,318.15
20.66072,0.080740741,0.01415285,318.15
20.65988,0.084236111,0.01431851,318.15
20.65016,0.087719907,0.01447688,318.15
20.64747,0.091215278,0.0146374,318.15
20.67717,0.094710648,0.01479121,318.15
20.64437,0.098194444,0.0149433,318.15
20.65166,0.101701389,0.01509116,318.15
20.68745,0.105185185,0.01523256,318.15
20.67202,0.108668981,0.01538447,318.15
20.64921,0.112164352,0.01552137,318.15
20.65333,0.115659722,0.01566441,318.15
20.66993,0.119166667,0.01579663,318.15
20.6742,0.122650463,0.01593201,318.15
20.66182,0.126145833,0.01606328,318.15
20.64108,0.129652778,0.0161956,318.15
20.6726,0.133136574,0.01632018,318.15
20.64758,0.136631944,0.01644047,318.15
20.68747,0.140127315,0.01656775,318.15
20.66498,0.143622685,0.01668927,318.15
20.65601,0.147106481,0.01681179,318.15
20.65688,0.150613426,0.01692722,318.15
20.64796,0.154097222,0.01704478,318.15
20.6424,0.157592593,0.01716188,318.15
20.65347,0.161099537,0.01727765,318.15
20.66078,0.164594907,0.01739198,318.15
20.65529,0.168090278,0.01749971,318.15
20.64655,0.171585648,0.01761242,318.15
20.64121,0.175069444,0.01771415,318.15
20.6421,0.178564815,0.01782744,318.15
20.66684,0.182060185,0.01793654,318.15
20.6678,0.185555556,0.01804597,318.15
20.66893,0.189050926,0.0181472,318.15
20.65973,0.192534722,0.01825062,318.15
20.66787,0.196030093,0.01835467,318.15
20.68897,0.199525463,0.01845125,318.15
20.68357,0.203020833,0.01855696,318.15
20.64251,0.206516204,0.01864797,318.15
20.66416,0.210011574,0.01875054,318.15
20.64169,0.213506944,0.01884284,318.15
20.64599,0.217002315,0.0189464,318.15
20.64733,0.220497685,0.0190372,318.15
20.68124,0.223981481,0.01913762,318.15
20.69982,0.227488426,0.01923045,318.15
20.64843,0.230972222,0.0193262,318.15
20.66005,0.234467593,0.01941624,318.15
20.65425,0.237974537,0.01950958,318.15
20.69152,0.241458333,0.01960141,318.15
20.64726,0.24494213,0.01969196,318.15
20.65894,0.248425926,0.01977997,318.15
20.66674,0.25193287,0.01986871,318.15
20.70846,0.255428241,0.01995759,318.15
20.64383,0.258923611,0.02004556,318.15
20.6587,0.262418981,0.02013354,318.15
20.66654,0.265902778,0.02021957,318.15
20.68079,0.269398148,0.02030501,318.15
20.64699,0.272893519,0.02038887,318.15
20.65802,0.276388889,0.02047596,318.15
20.67552,0.279872685,0.02056032,318.15
20.64499,0.283368056,0.02064249,318.15
20.6689,0.286863426,0.02072583,318.15
20.64861,0.290347222,0.02080668,318.15
20.64632,0.293842593,0.02088778,318.15
20.64472,0.297326389,0.02096523,318.15
20.65966,0.300833333,0.02104719,318.15
20.69,0.304328704,0.02112995,318.15
20.66337,0.307824074,0.0212087,318.15
20.65214,0.311319444,0.02128648,318.15
20.65311,0.314803241,0.02136506,318.15
20.66112,0.318298611,0.02144236,318.15
20.64748,0.321793981,0.02151229,318.15
20.64547,0.325300926,0.02158033,318.15
20.66701,0.328796296,0.02165357,318.15
20.66534,0.332280093,0.02173199,318.15
20.64717,0.335763889,0.02180786,318.15
20.67562,0.339270833,0.02188745,318.15
20.67411,0.34275463,0.02195985,318.15
20.64632,0.34625,0.02203354,318.15
20.67104,0.34974537,0.022109,318.15
20.67465,0.353240741,0.02218246,318.15
20.65198,0.356736111,0.02225592,318.15
20.65302,0.360231481,0.02233012,318.15
20.65606,0.363726852,0.02239822,318.15
20.68332,0.367222222,0.0224734,318.15
20.64284,0.370717593,0.02254426,318.15
20.65732,0.374201389,0.0226172,318.15
20.66543,0.377696759,0.0226891,318.15
20.63841,0.381203704,0.02275924,318.15
20.653,0.3846875,0.02282609,318.15
20.67776,0.38818287,0.02289722,318.15
20.67959,0.391678241,0.02296365,318.15
20.67799,0.395173611,0.02304046,318.15
20.63764,0.398657407,0.02310586,318.15
20.65602,0.402152778,0.02317536,318.15
20.66418,0.405636574,0.02324389,318.15
20.65386,0.409143519,0.02330955,318.15
20.67163,0.412638889,0.02337918,318.15
20.68302,0.416122685,0.02344607,318.15
20.64906,0.419618056,0.02351266,318.15
20.65158,0.423113426,0.02357553,318.15
20.65667,0.426608796,0.02363864,318.15
20.65539,0.430092593,0.02370005,318.15
20.68977,0.433587963,0.02376898,318.15
20.64938,0.437071759,0.02383669,318.15
20.6545,0.440578704,0.02389756,318.15
20.65064,0.4440625,0.02396204,318.15
20.65503,0.44755787,0.02402817,318.15
20.67675,0.451053241,0.02408936,318.15
20.66006,0.454548611,0.02415501,318.15
20.66447,0.458043981,0.02421994,318.15
20.6696,0.461539352,0.02428138,318.15
20.64531,0.465034722,0.02434307,318.15
20.63443,0.468518519,0.02440666,318.15
20.66633,0.472013889,0.02446946,318.15
20.64527,0.475520833,0.02453104,318.15
20.65356,0.47900463,0.02459367,318.15
20.67532,0.482488426,0.0246522,318.15
20.64153,0.485983796,0.0247122,318.15
20.65625,0.489490741,0.02477367,318.15
20.64608,0.492986111,0.0248327,318.15
20.65125,0.496481481,0.02488978,318.15
20.65321,0.499965278,0.0249501,318.15
20.68445,0.503472222,0.02501196,318.15
20.65387,0.506956019,0.02507253,318.15
20.68515,0.510451389,0.02513495,318.15
20.64821,0.513935185,0.02519222,318.15
20.66291,0.517430556,0.02525257,318.15
20.65596,0.5209375,0.02531003,318.15
20.66753,0.52443287,0.02536818,318.15
20.64332,0.527916667,0.02542877,318.15
20.64787,0.531412037,0.02548588,318.15
20.64828,0.534907407,0.02552837,318.15
20.6466,0.538402778,0.02557954,318.15
20.67204,0.541898148,0.02564236,318.15
20.68995,0.545393519,0.02570217,318.15
20.66892,0.548877315,0.02576395,318.15
20.64229,0.552372685,0.02581882,318.15
20.66659,0.555868056,0.02587699,318.15
20.64312,0.559363426,0.02593192,318.15
20.66806,0.562847222,0.02599108,318.15
20.6503,0.566342593,0.0260478,318.15
20.67465,0.569837963,0.026102,318.15
20.64869,0.573333333,0.02615523,318.15
20.65967,0.57681713,0.0262114,318.15
20.65911,0.5803125,0.02626776,318.15
20.68734,0.58380787,0.02632302,318.15
20.65612,0.587314815,0.02638147,318.15
20.6621,0.590810185,0.02643306,318.15
20.64186,0.594293981,0.02648692,318.15
20.65227,0.597789352,0.02653937,318.15
20.64862,0.601284722,0.02659195,318.15
20.64813,0.604780093,0.02664667,318.15
20.70955,0.608263889,0.02669754,318.15
20.65803,0.611770833,0.02675337,318.15
20.64105,0.61525463,0.02680559,318.15
20.64444,0.618738426,0.02685567,318.15
20.66562,0.622222222,0.02691066,318.15
20.64477,0.625717593,0.02696356,318.15
20.67297,0.629212963,0.02701714,318.15
20.65912,0.632708333,0.02707042,318.15
20.64215,0.63619213,0.02712205,318.15
20.65377,0.639675926,0.02717484,318.15
20.64633,0.643171296,0.02722678,318.15
20.65483,0.646666667,0.02727859,318.15
20.64104,0.650162037,0.02732918,318.15
20.67244,0.653657407,0.02738174,318.15
20.64842,0.657141204,0.02743332,318.15
20.66012,0.660648148,0.02748349,318.15
20.64634,0.664131944,0.02753465,318.15
20.66189,0.667627315,0.0275844,318.15
20.64741,0.671111111,0.02763795,318.15
20.68284,0.674618056,0.02767746,318.15
20.64313,0.678113426,0.02772095,318.15
20.66815,0.681597222,0.02777304,318.15
20.65118,0.685092593,0.0278236,318.15
20.67486,0.688587963,0.02787863,318.15
20.64538,0.692083333,0.02792097,318.15
20.66398,0.69556713,0.02797363,318.15
20.64642,0.699050926,0.02802431,318.15
20.66132,0.70255787,0.02807267,318.15
20.64131,0.706041667,0.02811766,318.15
20.64408,0.709548611,0.02816805,318.15
20.65195,0.713032407,0.02821936,318.15
20.64837,0.716527778,0.02826693,318.15
20.66643,0.720023148,0.02831752,318.15
20.65973,0.723506944,0.02836571,318.15
20.67777,0.727002315,0.02841574,318.15
20.64117,0.730486111,0.0284632,318.15
20.66689,0.733981481,0.02850998,318.15
20.67162,0.737476852,0.02855972,318.15
20.65156,0.740960648,0.02860694,318.15
20.65311,0.744456019,0.02865434,318.15
20.64581,0.747962963,0.02870114,318.15
20.64546,0.751446759,0.02874873,318.15
20.64379,0.75494213,0.02879725,318.15
20.68871,0.7584375,0.0288403,318.15
20.66184,0.76193287,0.02887881,318.15
20.68378,0.765416667,0.02892476,318.15
20.64718,0.768912037,0.02897334,318.15
20.70143,0.772407407,0.02902359,318.15
20.68389,0.775902778,0.02907323,318.15
20.65368,0.779386574,0.02911906,318.15
20.67499,0.782881944,0.02916471,318.15
20.66448,0.786365741,0.02921202,318.15
20.6413,0.789861111,0.02925816,318.15
20.65631,0.793356481,0.02930099,318.15
20.64267,0.796851852,0.02934548,318.15
20.64553,0.800347222,0.02939261,318.15
20.64079,0.803831019,0.02943729,318.15
20.65026,0.808171296,0.02947047,318.15
20.69812,0.811666667,0.02951958,318.15
20.66163,0.815162037,0.02956494,318.15
20.69942,0.818657407,0.02961202,318.15
20.66297,0.822152778,0.02965505,318.15
20.64547,0.825648148,0.0297014,318.15
20.67058,0.829143519,0.02974689,318.15
20.6824,0.832638889,0.02979066,318.15
20.68139,0.836134259,0.02983757,318.15
20.64811,0.83962963,0.02988067,318.15
20.67961,0.843125,0.02992389,318.15
20.66216,0.84662037,0.02997031,318.15
20.65237,0.850115741,0.03001299,318.15
20.65721,0.853599537,0.03005548,318.15
20.64365,0.857094907,0.03009779,318.15
20.66624,0.860578704,0.03014077,318.15
20.69771,0.864074074,0.03018518,318.15
20.66751,0.867569444,0.03023161,318.15
20.64701,0.871064815,0.0302719,318.15
20.67862,0.874560185,0.03031016,318.15
20.6586,0.878043981,0.0303558,318.15
20.65461,0.881539352,0.03039646,318.15
20.64354,0.885023148,0.03044007,318.15
20.67059,0.905868056,0.03069725,318.15
20.65332,0.926712963,0.03095055,318.15
20.67345,0.947581019,0.03120361,318.15
20.66222,0.9684375,0.03144165,318.15
20.67106,0.989282407,0.03168719,318.15
20.6661,1.010150463,0.0319275,318.15
20.66375,1.031006944,0.03216423,318.15
20.65897,1.051863426,0.03239522,318.15
20.65413,1.072719907,0.03262725,318.15
20.65708,1.093587963,0.03285484,318.15
20.64554,1.11443287,0.03307501,318.15
20.6643,1.135266204,0.03330195,318.15
20.65282,1.156134259,0.03352111,318.15
20.67742,1.176967593,0.03373773,318.15
20.67617,1.1978125,0.03395124,318.15
20.65974,1.218657407,0.03416344,318.15
20.64839,1.239502315,0.03437773,318.15
20.67311,1.260358796,0.03458841,318.15
20.65679,1.281203704,0.03479575,318.15
20.64876,1.302060185,0.03500182,318.15
20.6509,1.322928241,0.03520436,318.15
20.62724,1.343773148,0.03540328,318.15
20.66279,1.364618056,0.03560757,318.15
20.65171,1.385439815,0.03580707,318.15
20.68679,1.40630787,0.03600377,318.15
20.65059,1.427164352,0.03619729,318.15
20.64656,1.448009259,0.03639277,318.15
20.69801,1.468877315,0.03658995,318.15
20.65802,1.489733796,0.03678482,318.15
20.65151,1.510578704,0.03697638,318.15
20.64779,1.531412037,0.0371569,318.15
20.64391,1.552256944,0.03734593,318.15
20.6533,1.573113426,0.03753246,318.15
20.6626,1.593969907,0.03772194,318.15
20.65885,1.614826389,0.03790371,318.15
20.6766,1.63568287,0.03808123,318.15
20.64772,1.656550926,0.03826027,318.15
20.6861,1.677395833,0.03844288,318.15
20.64085,1.698240741,0.03862279,318.15
20.68877,1.719108796,0.03880155,318.15
20.64672,1.739976852,0.03897812,318.15
20.65887,1.760821759,0.03915229,318.15
20.6591,1.781689815,0.03932283,318.15
20.67061,1.802534722,0.03949676,318.15
20.6481,1.823391204,0.03967264,318.15
20.67353,1.844212963,0.03984228,318.15
20.65752,1.865069444,0.04000927,318.15
20.66148,1.885925926,0.04018208,318.15
20.66365,1.906770833,0.040351,318.15
20.64768,1.927638889,0.04051584,318.15
20.65995,1.94849537,0.04068295,318.15
20.67909,1.969351852,0.04084965,318.15
20.66313,1.990208333,0.04101365,318.15
20.65354,2.011064815,0.04117468,318.15
20.64391,2.031921296,0.0413368,318.15
20.65683,2.052766204,0.0415005,318.15
20.64713,2.073611111,0.0416661,318.15
20.66017,2.094456019,0.04182587,318.15
20.65059,2.1153125,0.04198642,318.15
20.64291,2.136145833,0.04214512,318.15
20.66306,2.157002315,0.04229407,318.15
20.65679,2.177858796,0.04244044,318.15
20.69568,2.198703704,0.04259529,318.15
20.65374,2.219560185,0.04274568,318.15
20.65127,2.240393519,0.04289379,318.15
20.66079,2.261238426,0.04304099,318.15
20.65151,2.282094907,0.04318653,318.15
20.6654,2.302962963,0.04333227,318.15
20.64924,2.32380787,0.04347742,318.15
20.67822,2.344664352,0.04362115,318.15
20.67215,2.365509259,0.04376334,318.15
20.65672,2.386354167,0.04390449,318.15
20.65631,2.407222222,0.04404585,318.15
20.65648,2.42806713,0.04418761,318.15
20.64421,2.448935185,0.04432701,318.15
20.64765,2.469780093,0.04446126,318.15
20.67661,2.490636574,0.04460813,318.15
20.66437,2.511493056,0.04474603,318.15
20.67154,2.532349537,0.04488314,318.15
20.65931,2.553206019,0.04502102,318.15
20.64078,2.574050926,0.04515998,318.15
20.65364,2.594907407,0.04529458,318.15
20.65093,2.615740741,0.04542746,318.15
20.66188,2.636608796,0.04556048,318.15
20.64223,2.657453704,0.04569489,318.15
20.6852,2.678298611,0.04582501,318.15
20.6756,2.699143519,0.04595521,318.15
20.64721,2.72,0.04608955,318.15
20.64824,2.740868056,0.04622172,318.15
20.64253,2.761712963,0.04634678,318.15
20.69096,2.78255787,0.04648223,318.15
20.66024,2.803425926,0.04660845,318.15
20.6658,2.824270833,0.04673219,318.15
20.67682,2.845138889,0.04686432,318.15
20.66484,2.86599537,0.04698996,318.15
20.65911,2.886840278,0.04711631,318.15
20.65278,2.907708333,0.04724336,318.15
20.6533,2.928541667,0.04736855,318.15
20.67385,2.949409722,0.04749,318.15
20.65259,2.97025463,0.0476129,318.15
20.67498,2.991122685,0.04773645,318.15
20.65997,3.011956019,0.04785939,318.15
20.6544,3.0328125,0.04797902,318.15
20.6518,3.053645833,0.0481043,318.15
20.65616,3.074490741,0.04822541,318.15
20.65373,3.095347222,0.04834276,318.15
20.64993,3.116215278,0.04846628,318.15
20.65176,3.137071759,0.04859056,318.15
20.64927,3.157928241,0.04870971,318.15
20.66667,3.178773148,0.04883295,318.15
20.68538,3.19962963,0.04895296,318.15
20.67594,3.220486111,0.04907316,318.15
20.6773,3.241319444,0.0491935,318.15
20.70102,3.262164352,0.04931003,318.15
20.69847,3.283020833,0.04943379,318.15
20.66677,3.303865741,0.04955116,318.15
20.69348,3.324722222,0.04967388,318.15
20.64685,3.345590278,0.04979223,318.15
20.66681,3.366458333,0.04991008,318.15
20.65506,3.387291667,0.05002708,318.15
20.69682,3.408136574,0.05014396,318.15
20.6683,3.42900463,0.05026073,318.15
20.68209,3.449872685,0.0503765,318.15
20.64863,3.470717593,0.05048897,318.15
20.64314,3.491574074,0.05060434,318.15
20.64692,3.512418981,0.05072204,318.15
20.6577,3.533275463,0.05083379,318.15
20.65516,3.554131944,0.05095541,318.15
20.64973,3.574976852,0.05106857,318.15
20.64739,3.595833333,0.05118174,318.15
20.67605,3.616701389,0.05130007,318.15
20.68362,3.637569444,0.05141358,318.15
20.68445,3.6584375,0.0515239,318.15
20.65093,3.679270833,0.05164285,318.15
20.65174,3.700138889,0.05175319,318.15
20.64629,3.720983796,0.05186644,318.15
20.65338,3.741840278,0.05197511,318.15
20.64797,3.762696759,0.05208725,318.15
20.6457,3.783564815,0.05219652,318.15
20.64647,3.804409722,0.05230919,318.15
20.6435,3.825277778,0.0524174,318.15
20.64501,3.846134259,0.0525301,318.15
20.65566,3.866990741,0.05264551,318.15
20.64115,3.887835648,0.05275276,318.15
20.66113,3.908715278,0.05286229,318.15
20.66507,3.929560185,0.0529722,318.15
20.66213,3.950428241,0.05308414,318.15
20.66984,3.971284722,0.05319162,318.15
20.65845,3.992141204,0.05329307,318.15
20.65004,4.012997685,0.05339901,318.15
20.66026,4.033854167,0.05350501,318.15
20.66426,4.054710648,0.05361223,318.15
20.67506,4.075555556,0.0537192,318.15
20.676,4.096388889,0.05382354,318.15
20.67688,4.117233796,0.05393067,318.15
20.66974,4.138078704,0.05403522,318.15
20.64778,4.158935185,0.0541389,318.15
20.64557,4.179791667,0.05424549,318.15
20.66938,4.200648148,0.05435234,318.15
20.64437,4.221516204,0.05445366,318.15
20.66443,4.242372685,0.05456249,318.15
20.69142,4.263229167,0.05466534,318.15
20.6683,4.284085648,0.05477091,318.15
20.6425,4.30494213,0.05487354,318.15
20.64656,4.325775463,0.05497737,318.15
20.65067,4.346643519,0.05507894,318.15
20.65458,4.3675,0.05518209,318.15
20.65626,4.388356481,0.05528779,318.15
20.66032,4.409224537,0.05538939,318.15
20.66134,4.430081019,0.05548993,318.15
20.66053,4.450925926,0.05558941,318.15
20.65477,4.471770833,0.05568965,318.15
20.64959,4.492627315,0.0557913,318.15
20.64144,4.51349537,0.05588607,318.15
20.67706,4.534351852,0.05598761,318.15
20.64717,4.555196759,0.05608702,318.15
20.64448,4.576064815,0.05618782,318.15
20.66457,4.596921296,0.05628629,318.15
20.64406,4.617789352,0.05638711,318.15
20.65125,4.638634259,0.05648769,318.15
20.66527,4.659513889,0.05658828,318.15
20.65024,4.680335648,0.05668724,318.15
20.64454,4.70119213,0.05678349,318.15
20.67151,4.722048611,0.05688322,318.15
20.68931,4.742905093,0.05697942,318.15
20.67058,4.763761574,0.0570793,318.15
20.6784,4.784618056,0.0571785,318.15
20.6616,4.805462963,0.05727398,318.15
20.66267,4.826331019,0.05737123,318.15
20.64092,4.847175926,0.0574678,318.15
20.66113,4.868043981,0.05756545,318.15
20.66225,4.888888889,0.05766223,318.15
20.65466,4.909756944,0.0577587,318.15
20.66195,4.930625,0.05785486,318.15
20.65084,4.951458333,0.05794364,318.15
20.66425,4.972314815,0.0580421,318.15
20.64242,4.99318287,0.05814272,318.15
20.66026,5.014027778,0.05823563,318.15
20.67376,5.034884259,0.0583295,318.15
20.67562,5.055729167,0.05842464,318.15
20.65195,5.076585648,0.0585172,318.15
20.65915,5.09744213,0.05861635,318.15
20.66959,5.118298611,0.05870918,318.15
20.67075,5.139166667,0.05880252,318.15
20.68486,5.160023148,0.05889632,318.15
20.66135,5.18087963,0.05898917,318.15
20.64958,5.201724537,0.05908045,318.15
20.65384,5.22255787,0.05917276,318.15
20.65504,5.243402778,0.059265,318.15
20.6636,5.264259259,0.05935694,318.15
20.67097,5.285115741,0.0594487,318.15
20.6845,5.305949074,0.05953984,318.15
20.68883,5.326782407,0.05962812,318.15
20.64631,5.347650463,0.05971662,318.15
20.65978,5.36849537,0.05981075,318.15
20.65169,5.389340278,0.05990426,318.15
20.65725,5.410196759,0.05999277,318.15
20.6615,5.431030093,0.06008516,318.15
20.6535,5.451898148,0.06017382,318.15
20.65411,5.472743056,0.06026495,318.15
20.65229,5.493599537,0.0603521,318.15
20.66649,5.514456019,0.06044028,318.15
20.6455,5.5353125,0.06053239,318.15
20.64431,5.556157407,0.06061937,318.15
20.65849,5.577013889,0.06070699,318.15
20.66591,5.59787037,0.06079488,318.15
20.65063,5.618715278,0.06087967,318.15
20.67774,5.639571759,0.06096706,318.15
20.64459,5.660416667,0.06105345,318.15
20.65566,5.681261574,0.06114283,318.15
20.65335,5.70212963,0.06122517,318.15
20.67053,5.722974537,0.06131513,318.15
20.64719,5.743831019,0.06140301,318.15
20.65217,5.764675926,0.06149071,318.15
20.64907,5.785543981,0.06158019,318.15
20.67313,5.806400463,0.06166714,318.15
20.64677,5.827256944,0.06175218,318.15
20.64507,5.848090278,0.06183553,318.15
20.64913,5.868946759,0.06190587,318.15
20.6697,5.889803241,0.06198148,318.15
20.65326,5.910659722,0.06206294,318.15
20.65157,5.931516204,0.06214511,318.15
20.6652,5.952361111,0.06222905,318.15
20.65979,5.973206019,0.06231383,318.15
20.66735,5.9940625,0.06239367,318.15
20.66378,6.014918981,0.06247561,318.15
20.64862,6.035775463,0.06255653,318.15
20.67271,6.05662037,0.06263944,318.15
20.64895,6.077465278,0.06271911,318.15
20.6565,6.098321759,0.06279961,318.15
20.66711,6.119189815,0.0628819,318.15
20.66659,6.140034722,0.06296318,318.15
20.66264,6.160868056,0.0630437,318.15
20.64673,6.181724537,0.06312296,318.15
20.66039,6.202569444,0.06320579,318.15
20.67841,6.223425926,0.06328429,318.15
20.65149,6.244270833,0.06336795,318.15
20.65599,6.265127315,0.06344794,318.15
20.66049,6.285972222,0.06352685,318.15
20.66004,6.306828704,0.06360875,318.15
20.67559,6.327685185,0.06368919,318.15
20.63879,6.348541667,0.06376831,318.15
20.66126,6.369386574,0.06384712,318.15
20.65282,6.390243056,0.06392682,318.15
20.6635,6.411099537,0.0640052,318.15
20.64352,6.431967593,0.06408122,318.15
20.64797,6.4528125,0.0641619,318.15
20.65552,6.473680556,0.06424252,318.15
20.6631,6.494525463,0.06432142,318.15
20.64676,6.51537037,0.06440021,318.15
20.65128,6.536226852,0.06447798,318.15
20.66199,6.557071759,0.06455404,318.15
20.66957,6.577916667,0.0646324,318.15
20.66612,6.598773148,0.06470809,318.15
20.65107,6.619641204,0.06478513,318.15
20.671,6.640497685,0.06486013,318.15
20.66133,6.661365741,0.06494042,318.15
20.64626,6.682210648,0.06501811,318.15
20.68575,6.70306713,0.06509492,318.15
20.64988,6.723912037,0.06516892,318.15
20.65137,6.744768519,0.06524567,318.15
20.6621,6.765625,0.06531886,318.15
20.64215,6.786493056,0.06539601,318.15
20.64357,6.807349537,0.06547519,318.15
20.65181,6.828194444,0.06555108,318.15
20.65629,6.849050926,0.06562965,318.15
20.65779,6.869907407,0.06570522,318.15
20.64705,6.890752315,0.06578016,318.15
20.64497,6.911597222,0.06585314,318.15
20.64955,6.93244213,0.06592695,318.15
20.65233,6.953298611,0.06599981,318.15
20.64705,6.974166667,0.06607681,318.15
20.65162,6.995023148,0.06615356,318.15
20.65932,7.015856481,0.06622459,318.15
20.66751,7.036712963,0.06630403,318.15
20.66656,7.057569444,0.06637775,318.15
20.64846,7.078402778,0.0664544,318.15
20.65736,7.099259259,0.06652673,318.15
20.64537,7.120127315,0.06660396,318.15
20.64823,7.140983796,0.06667393,318.15
20.65888,7.161840278,0.06674908,318.15
20.65374,7.182685185,0.06682263,318.15
20.64971,7.203530093,0.06689696,318.15
20.66041,7.224386574,0.0669732,318.15
20.67033,7.245231481,0.0670471,318.15
20.64204,7.266087963,0.06712106,318.15
20.65588,7.28693287,0.06719157,318.15
20.65438,7.307777778,0.06726555,318.15
20.64677,7.328611111,0.06733607,318.15
20.64164,7.349467593,0.06740788,318.15
20.68408,7.3703125,0.06748436,318.15
20.64589,7.391168981,0.06755548,318.15
20.66581,7.412025463,0.06762775,318.15
20.6863,7.432881944,0.06770156,318.15
20.65355,7.45375,0.067778,318.15
20.66426,7.474594907,0.06785029,318.15
20.64137,7.495462963,0.06792373,318.15
20.6618,7.516296296,0.06799865,318.15
20.66335,7.537152778,0.06807211,318.15
20.6458,7.558009259,0.06814384,318.15
20.65731,7.578854167,0.06821559,318.15
20.64671,7.599710648,0.06828561,318.15
20.66359,7.620543981,0.06835614,318.15
20.64923,7.641400463,0.06843039,318.15
20.67586,7.662256944,0.06850247,318.15
20.66579,7.683090278,0.06857635,318.15
20.65212,7.703946759,0.06864575,318.15
20.6495,7.724791667,0.06871331,318.15
20.65531,7.745648148,0.06878765,318.15
20.64767,7.766493056,0.0688611,318.15
20.66759,7.787337963,0.06893174,318.15
20.65454,7.808206019,0.06900098,318.15
20.6678,7.829050926,0.06907061,318.15
20.65162,7.849907407,0.06914223,318.15
20.64949,7.870752315,0.06921711,318.15
20.64867,7.891608796,0.06928471,318.15
20.64668,7.912465278,0.06935371,318.15
20.68297,7.933333333,0.06942753,318.15
20.66318,7.954189815,0.06949923,318.15
20.65447,7.975034722,0.06956634,318.15
20.66021,7.995891204,0.06964292,318.15
20.6801,8.016747685,0.06971419,318.15
20.68175,8.037581019,0.06978258,318.15
20.67049,8.058449074,0.06985515,318.15
20.64764,8.079293981,0.06992759,318.15
20.66503,8.100138889,0.06999984,318.15
20.68258,8.12099537,0.07006685,318.15
20.6628,8.141840278,0.07013816,318.15
20.66983,8.162685185,0.07021074,318.15
20.65985,8.183541667,0.07028129,318.15
20.65468,8.204398148,0.07035331,318.15
20.67236,8.22525463,0.07041342,318.15
20.652,8.246099537,0.07048322,318.15
20.6444,8.266956019,0.07055449,318.15
20.64601,8.2878125,0.07062583,318.15
20.64453,8.308668981,0.07069659,318.15
20.67486,8.329525463,0.07076519,318.15
20.64856,8.350381944,0.07082802,318.15
20.6744,8.371238426,0.07090572,318.15
20.64554,8.392083333,0.07097529,318.15
20.64109,8.412939815,0.07104198,318.15
20.66463,8.433784722,0.07111201,318.15
20.67549,8.454641204,0.0711764,318.15
20.65269,8.475486111,0.07124714,318.15
20.66045,8.496331019,0.07131334,318.15
20.64678,8.517175926,0.07138524,318.15
20.65395,8.538020833,0.07145164,318.15
20.65989,8.558877315,0.07151791,318.15
20.66032,8.579733796,0.07158624,318.15
20.66315,8.600601852,0.07165375,318.15
20.6593,8.621469907,0.07172266,318.15
20.65793,8.642303241,0.0717876,318.15
20.64318,8.663136574,0.07185474,318.15
20.64173,8.683993056,0.07192501,318.15
20.65983,8.704849537,0.07199138,318.15
20.64509,8.725706019,0.07205801,318.15
20.67535,8.746574074,0.07212375,318.15
20.6459,8.767418981,0.07219481,318.15
20.67555,8.788263889,0.07226139,318.15
20.65284,8.809108796,0.0723299,318.15
20.65747,8.829965278,0.07240021,318.15
20.6652,8.850821759,0.07246822,318.15
20.6554,8.871678241,0.07253071,318.15
20.66315,8.892534722,0.0725975,318.15
20.65442,8.91337963,0.07266706,318.15
20.66031,8.934224537,0.07273457,318.15
20.64918,8.95505787,0.07280106,318.15
20.666,8.975914352,0.0728714,318.15
20.66579,8.996759259,0.07293957,318.15
20.64821,9.017638889,0.07299574,318.15
20.64429,9.038483796,0.07306936,318.15
20.65143,9.059340278,0.07313465,318.15
20.65071,9.080173611,0.07319899,318.15
20.64937,9.101041667,0.07326467,318.15
20.66311,9.121875,0.07333562,318.15
20.6466,9.142731481,0.07339837,318.15
20.64464,9.163576389,0.07346425,318.15
20.66633,9.18443287,0.07353111,318.15
20.67355,9.205277778,0.07359411,318.15
20.64793,9.226145833,0.07365751,318.15
20.64589,9.246990741,0.07372695,318.15
20.67254,9.267858796,0.0737901,318.15
20.65609,9.288726852,0.0738512,318.15
20.64252,9.309571759,0.07391982,318.15
20.6442,9.330428241,0.07398503,318.15
20.66718,9.351296296,0.07405019,318.15
20.64148,9.372141204,0.07411645,318.15
20.65837,9.392997685,0.07418161,318.15
20.64491,9.413854167,0.07424395,318.15
20.64964,9.434722222,0.0743108,318.15
20.65567,9.455578704,0.07437212,318.15
20.64448,9.476435185,0.07444154,318.15
20.64327,9.497280093,0.07449979,318.15
20.65036,9.518113426,0.07456928,318.15
20.65256,9.538981481,0.07463885,318.15
20.65434,9.559837963,0.07470065,318.15
20.66526,9.580694444,0.07476006,318.15
20.6517,9.601550926,0.0748281,318.15
20.65093,9.622407407,0.07489492,318.15
20.64303,9.643263889,0.07495332,318.15
20.66717,9.664097222,0.07501873,318.15
20.68715,9.684953704,0.07508042,318.15
20.64214,9.705798611,0.07514378,318.15
20.64677,9.726631944,0.07521365,318.15
20.64003,9.747488426,0.07527631,318.15
20.65762,9.768321759,0.07533492,318.15
20.65191,9.789178241,0.07540531,318.15
20.64509,9.810034722,0.07547211,318.15
20.64923,9.830891204,0.07553582,318.15
20.66087,9.851736111,0.07559033,318.15
20.65462,9.872581019,0.07565585,318.15
20.69262,9.893425926,0.07572575,318.15
20.66395,9.914270833,0.0757916,318.15
20.64939,9.935115741,0.07585089,318.15
20.6674,9.955983796,0.07591809,318.15
20.67214,9.976840278,0.07598158,318.15
20.64675,9.997708333,0.07603637,318.15
20.64422,10.01854167,0.07609077,318.15
20.64653,10.03940972,0.07616489,318.15
20.66998,10.06025463,0.07623232,318.15
20.64743,10.08109954,0.07629646,318.15
20.65912,10.10195602,0.07634696,318.15
20.66555,10.1228125,0.07641909,318.15
20.6615,10.14365741,0.07648576,318.15
20.67996,10.16451389,0.07654329,318.15
20.66656,10.18538194,0.07660449,318.15
20.66799,10.20622685,0.07666273,318.15
20.66404,10.22708333,0.07672587,318.15
20.65907,10.24793981,0.07678966,318.15
20.64804,10.2687963,0.07685526,318.15
20.65664,10.28966435,0.07690694,318.15
20.66817,10.31050926,0.07696565,318.15
20.64519,10.33136574,0.07703261,318.15
20.64902,10.35222222,0.07710087,318.15
20.67339,10.37306713,0.07715295,318.15
20.65314,10.39392361,0.07722437,318.15
20.68961,10.41475694,0.07727704,318.15
20.64158,10.43559028,0.07734403,318.15
20.65002,10.45643519,0.07740508,318.15
20.67594,10.47729167,0.0774693,318.15
20.66178,10.49814815,0.07753004,318.15
20.65013,10.5190162,0.0775855,318.15
20.64495,10.53987269,0.07765032,318.15
20.65888,10.56071759,0.07770932,318.15
20.67038,10.58157407,0.07776692,318.15
20.6413,10.60240741,0.07782665,318.15
20.66255,10.62327546,0.07788058,318.15
20.65148,10.6441088,0.07794908,318.15
20.65574,10.66497685,0.07800772,318.15
20.66716,10.68581019,0.07806888,318.15
20.65077,10.70665509,0.07813018,318.15
20.65251,10.7275,0.07819212,318.15
20.67844,10.74835648,0.07825575,318.15
20.64389,10.76921296,0.07831596,318.15
20.64887,10.79008102,0.07836848,318.15
20.65613,10.81092593,0.07842658,318.15
20.64634,10.83178241,0.07849073,318.15
20.66993,10.85265046,0.07854895,318.15
20.65291,10.8734838,0.07861279,318.15
20.65234,10.8943287,0.07866877,318.15
20.64733,10.91517361,0.07873558,318.15
20.6648,10.93601852,0.0787973,318.15
20.64235,10.95686343,0.07885986,318.15
20.65014,10.97770833,0.07892127,318.15
20.65436,10.99856481,0.07898172,318.15
20.65132,11.01940972,0.07904087,318.15
20.65259,11.04025463,0.07909609,318.15
20.64218,11.06111111,0.079161,318.15
20.67489,11.08195602,0.07921635,318.15
20.64643,11.1028125,0.07927836,318.15
20.65724,11.12366898,0.07933921,318.15
20.64092,11.14452546,0.0793982,318.15
20.66084,11.16537037,0.07945906,318.15
20.65719,11.18621528,0.07951617,318.15
20.64329,11.20706019,0.07957601,318.15
20.67527,11.22791667,0.0796381,318.15
20.64703,11.24876157,0.07968721,318.15
20.65795,11.26960648,0.07974396,318.15
20.644,11.29045139,0.07980445,318.15
20.6561,11.3112963,0.07986197,318.15
20.66326,11.33215278,0.07992661,318.15
20.65059,11.35298611,0.07998368,318.15
20.66769,11.37384259,0.08003288,318.15
20.6417,11.39469907,0.08009216,318.15
20.65318,11.41555556,0.08015047,318.15
20.64165,11.43641204,0.08021293,318.15
20.64834,11.45726852,0.08026744,318.15
20.66227,11.47813657,0.08032363,318.15
20.66474,11.49900463,0.08037957,318.15
20.666,11.51983796,0.08043537,318.15
20.65509,11.54068287,0.08049591,318.15
20.66964,11.56152778,0.08055191,318.15
20.66236,11.58237269,0.08061162,318.15
20.65513,11.60322917,0.08066841,318.15
20.66601,11.62407407,0.08072644,318.15
20.66312,11.64493056,0.08077935,318.15
20.65761,11.66576389,0.08084062,318.15
20.65041,11.68662037,0.08089743,318.15
20.66437,11.70747685,0.08095314,318.15
20.65776,11.72833333,0.08100975,318.15
20.68737,11.74918981,0.08106644,318.15
20.66446,11.7700463,0.08112455,318.15
20.66386,11.79090278,0.08118124,318.15
20.66206,11.81175926,0.08124001,318.15
20.65181,11.83260417,0.08129807,318.15
20.66275,11.85347222,0.08135309,318.15
20.64655,11.8743287,0.0814065,318.15
20.66038,11.89518519,0.08146689,318.15
20.64416,11.91604167,0.08152257,318.15
20.65808,11.93689815,0.08157818,318.15
20.6606,11.95775463,0.08163076,318.15
20.67749,11.97861111,0.08168884,318.15
20.65818,11.99946759,0.08174854,318.15
20.64488,12.02033565,0.08180779,318.15
20.64378,12.04118056,0.08186174,318.15
20.69492,12.06204861,0.08192411,318.15
20.64449,12.08291667,0.08197256,318.15
20.67047,12.10375,0.08202884,318.15
20.64814,12.12459491,0.08208811,318.15
20.66502,12.14543981,0.08214732,318.15
20.64189,12.1662963,0.08220544,318.15
20.65673,12.18712963,0.08225591,318.15
20.65358,12.20798611,0.08229199,318.15
20.64644,12.22885417,0.08234487,318.15
20.64178,12.24969907,0.08239605,318.15
20.66596,12.27055556,0.08245023,318.15
20.64857,12.29141204,0.08250576,318.15
20.66432,12.31225694,0.08255968,318.15
20.66497,12.33310185,0.08261529,318.15
20.64881,12.35395833,0.08266876,318.15
20.65129,12.37480324,0.08272249,318.15
20.6556,12.39565972,0.08277675,318.15
20.64609,12.41650463,0.08282874,318.15
20.64085,12.43734954,0.08287904,318.15
20.64988,12.45819444,0.08293726,318.15
20.65121,12.47905093,0.08298978,318.15
20.64112,12.49990741,0.08303964,318.15
20.64956,12.52076389,0.08309813,318.15
20.64189,12.54159722,0.0831489,318.15
20.66846,12.5624537,0.08320441,318.15
20.66798,12.58331019,0.08325642,318.15
20.65785,12.60415509,0.08330934,318.15
20.6465,12.625,0.08336259,318.15
20.65865,12.64584491,0.08341617,318.15
20.64554,12.66670139,0.08346969,318.15
20.6469,12.68755787,0.08351801,318.15
20.66203,12.70841435,0.08357283,318.15
20.67229,12.72927083,0.08363116,318.15
20.64412,12.75012731,0.08368286,318.15
20.65804,12.7709838,0.08373756,318.15
20.67861,12.79184028,0.08379012,318.15
20.65344,12.81269676,0.08384424,318.15
20.66377,12.83354167,0.0838955,318.15
20.6536,12.85439815,0.08395307,318.15
20.67118,12.87523148,0.08400284,318.15
20.6635,12.89607639,0.08405652,318.15
20.66901,12.9169213,0.08410864,318.15
20.65284,12.9377662,0.08416563,318.15
20.65411,12.95859954,0.0842188,318.15
20.67181,12.97946759,0.08426443,318.15
20.65868,13.0003125,0.08431728,318.15
20.64258,13.02118056,0.08436961,318.15
20.65945,13.04202546,0.08442603,318.15
20.6615,13.06288194,0.08447252,318.15
20.64769,13.08371528,0.08453025,318.15
20.66055,13.10457176,0.08457733,318.15
20.65971,13.12540509,0.08462746,318.15
20.65771,13.14627315,0.0846839,318.15
20.68959,13.16711806,0.0847421,318.15
20.64589,13.18797454,0.08479172,318.15
20.64551,13.20881944,0.08483803,318.15
20.65636,13.22966435,0.08489448,318.15
20.66486,13.25050926,0.08494957,318.15
20.67287,13.27136574,0.08499959,318.15
20.68694,13.2922338,0.08504429,318.15
20.64487,13.3130787,0.08510373,318.15
20.64741,13.33391204,0.08515468,318.15
20.64776,13.35476852,0.08519607,318.15
20.64904,13.37561343,0.08524857,318.15
20.66945,13.39648148,0.08530901,318.15
20.64758,13.41732639,0.08534957,318.15
20.64215,13.43819444,0.08540819,318.15
20.66087,13.45903935,0.08546181,318.15
20.66226,13.47988426,0.08551147,318.15
20.6581,13.50071759,0.0855673,318.15
20.65423,13.52157407,0.08560969,318.15
20.65382,13.54243056,0.08566976,318.15
20.65251,13.56326389,0.08572131,318.15
20.65491,13.58412037,0.08576331,318.15
20.6618,13.60496528,0.08581253,318.15
20.64585,13.62583333,0.08587046,318.15
20.66591,13.64667824,0.08591754,318.15
20.66194,13.66751157,0.0859641,318.15
20.6523,13.68835648,0.08602276,318.15
20.64763,13.70921296,0.08607478,318.15
20.66893,13.73006944,0.08611791,318.15
20.68273,13.75092593,0.08617742,318.15
20.66249,13.77175926,0.08622724,318.15
20.64343,13.79261574,0.08627909,318.15
20.66517,13.81344907,0.08632865,318.15
20.6569,13.83430556,0.08638135,318.15
20.66003,13.85516204,0.08643281,318.15
20.64284,13.87601852,0.08648037,318.15
20.67838,13.89688657,0.08653262,318.15
20.65333,13.91771991,0.08658266,318.15
20.65221,13.93856481,0.08663745,318.15
20.66626,13.95940972,0.0866828,318.15
20.6597,13.9802662,0.08673865,318.15
20.66924,14.00112269,0.08678765,318.15
20.64143,14.02197917,0.0868392,318.15
20.67756,14.04283565,0.08689068,318.15
20.66152,14.06365741,0.08694068,318.15
20.64732,14.08452546,0.08699125,318.15
20.64106,14.10538194,0.08703051,318.15
20.65257,14.12623843,0.08708395,318.15
20.65693,14.14709491,0.08713363,318.15
20.6678,14.16791667,0.08718851,318.15
20.64826,14.18876157,0.08723584,318.15
20.6514,14.20962963,0.08728559,318.15
20.65046,14.23047454,0.0873315,318.15
20.66137,14.25130787,0.08738399,318.15
20.64236,14.2721412,0.08743231,318.15
20.66234,14.29298611,0.08748135,318.15
20.66791,14.31384259,0.08753183,318.15
20.6758,14.33469907,0.08758491,318.15
20.65329,14.35553241,0.08763051,318.15
20.66239,14.37637731,0.08768197,318.15
20.66321,14.39724537,0.08772959,318.15
20.64363,14.41809028,0.08777812,318.15
20.63124,14.43893519,0.0878275,318.15
20.66086,14.45979167,0.08787324,318.15
20.66337,14.480625,0.08792504,318.15
20.65508,14.50149306,0.08797853,318.15
20.66127,14.52234954,0.08802649,318.15
20.66035,14.54319444,0.08807198,318.15
20.6491,14.5640625,0.08812249,318.15
20.63976,14.58490741,0.0881683,318.15
20.68117,14.60575231,0.08822364,318.15
20.65267,14.62662037,0.08826978,318.15
20.64919,14.64747685,0.08832212,318.15
20.66265,14.66833333,0.08836716,318.15
20.65555,14.68918981,0.08841912,318.15
20.64921,14.71005787,0.08846495,318.15
20.66605,14.73087963,0.08851919,318.15
20.65908,14.75173611,0.0885677,318.15
20.65597,14.77259259,0.08861367,318.15
20.66309,14.79344907,0.08866381,318.15
20.65008,14.81431713,0.0887135,318.15
20.65201,14.83515046,0.08876488,318.15
20.65105,14.85600694,0.08881085,318.15
20.66193,14.876875,0.08886407,318.15
20.643,14.89771991,0.08891188,318.15
20.6564,14.91857639,0.0889576,318.15
20.64905,14.93943287,0.08901226,318.15
20.64588,14.96030093,0.08906124,318.15
20.65681,14.98115741,0.08911265,318.15
20.64984,15.00201389,0.08915988,318.15
20.64946,15.02287037,0.08920757,318.15
20.64784,15.0437037,0.08925676,318.15
20.6414,15.06453704,0.08930681,318.15
20.65237,15.08540509,0.08935522,318.15
20.64896,15.10627315,0.0894058,318.15
20.64388,15.12711806,0.08944938,318.15
20.64332,15.14797454,0.08950407,318.15
20.66442,15.16881944,0.08955328,318.15
20.65028,15.18966435,0.08960158,318.15
20.6612,15.21052083,0.08965242,318.15
20.65786,15.23137731,0.08969772,318.15
20.65461,15.25221065,0.08974001,318.15
20.66492,15.2730787,0.08979047,318.15
20.64226,15.29391204,0.08984505,318.15
20.65745,15.31478009,0.08989192,318.15
20.65637,15.33563657,0.08994396,318.15
20.65243,15.35649306,0.0899907,318.15
20.64848,15.37734954,0.09003673,318.15
20.64396,15.39819444,0.0900831,318.15
20.65489,15.41903935,0.09013162,318.15
20.66117,15.43989583,0.09017432,318.15
20.66191,15.46076389,0.09022676,318.15
20.65339,15.4816088,0.09027849,318.15
20.6598,15.50246528,0.09032969,318.15
20.65333,15.52332176,0.0903809,318.15
20.67691,15.54417824,0.09042506,318.15
20.66946,15.56502315,0.09046843,318.15
20.66014,15.58586806,0.09051377,318.15
20.65312,15.60671296,0.09056342,318.15
20.64488,15.62756944,0.0906177,318.15
20.65941,15.64842593,0.09066533,318.15
20.64941,15.66927083,0.09071571,318.15
20.65491,15.69013889,0.09076635,318.15
20.65924,15.7109838,0.09081797,318.15
20.66796,15.7318287,0.09085803,318.15
20.64178,15.75268519,0.09091109,318.15
20.66284,15.77353009,0.09096279,318.15
20.65282,15.79438657,0.09101246,318.15
20.64834,15.81523148,0.09105592,318.15
20.65791,15.83609954,0.0910971,318.15
20.66243,15.85693287,0.09115495,318.15
20.66441,15.87778935,0.09120287,318.15
20.64429,15.89863426,0.09125183,318.15
20.67152,15.91947917,0.09129223,318.15
20.65563,15.94032407,0.09133957,318.15
20.6631,15.96119213,0.09138298,318.15
20.66206,15.98204861,0.09143274,318.15
20.65203,16.00289352,0.09148426,318.15
20.65713,16.02373843,0.09152684,318.15
20.6716,16.04459491,0.09157817,318.15
20.65635,16.06546296,0.09162231,318.15
20.64817,16.0862963,0.09167195,318.15
20.64653,16.10715278,0.0917231,318.15
20.64902,16.12800926,0.09177496,318.15
20.66767,16.14887731,0.09182526,318.15
20.6596,16.1697338,0.09186889,318.15
20.64367,16.19059028,0.09191743,318.15
20.65469,16.21143519,0.09196244,318.15
20.64776,16.23229167,0.09200928,318.15
20.68324,16.25313657,0.09205469,318.15
20.64592,16.27399306,0.0920982,318.15
20.65146,16.29486111,0.09214832,318.15
20.64692,16.31570602,0.09219471,318.15
20.65253,16.3365625,0.09224071,318.15
20.65157,16.35741898,0.09228757,318.15
20.64315,16.37825231,0.09233456,318.15
20.66578,16.39909722,0.09237887,318.15
20.66054,16.41994213,0.0924309,318.15
20.65306,16.44081019,0.09247554,318.15
20.64963,16.46165509,0.09252574,318.15
20.66122,16.4825,0.09257118,318.15
20.66382,16.50336806,0.09261778,318.15
20.66582,16.52423611,0.09266518,318.15
20.64522,16.54509259,0.09270963,318.15
20.64106,16.56594907,0.09275448,318.15
20.68381,16.58680556,0.09280509,318.15
20.64235,16.60765046,0.09284896,318.15
20.655,16.62849537,0.09290056,318.15
20.65943,16.64936343,0.0929464,318.15
20.64655,16.67021991,0.09299263,318.15
20.65211,16.69106481,0.09304103,318.15
20.65366,16.71190972,0.09308216,318.15
20.65619,16.73277778,0.09313121,318.15
20.66052,16.75363426,0.09318171,318.15
20.65059,16.77449074,0.09322979,318.15
20.65312,16.79534722,0.09327951,318.15
20.66649,16.81618056,0.09332589,318.15
20.64462,16.83703704,0.09337456,318.15
20.66813,16.85789352,0.09341879,318.15
20.6517,16.87873843,0.09346472,318.15
20.64185,16.89959491,0.09350862,318.15
20.64721,16.92043981,0.09356595,318.15
20.64934,16.94130787,0.09360743,318.15
20.66329,16.96215278,0.09365258,318.15
20.65943,16.98300926,0.0936953,318.15
20.66218,17.00386574,0.09374806,318.15
20.64915,17.02471065,0.09379008,318.15
20.64099,17.04555556,0.0938391,318.15
20.66207,17.06640046,0.09388557,318.15
20.68186,17.08725694,0.09393716,318.15
20.64684,17.10810185,0.09397603,318.15
20.65596,17.12896991,0.09402428,318.15
20.66706,17.14983796,0.09407784,318.15
20.65351,17.17068287,0.09412675,318.15
20.64058,17.19155093,0.09416392,318.15
20.66114,17.21240741,0.0942186,318.15
20.6542,17.23322917,0.09426726,318.15
20.65393,17.25409722,0.09430733,318.15
20.65823,17.27493056,0.09435985,318.15
20.65796,17.29578704,0.09440064,318.15
20.64678,17.31663194,0.09445265,318.15
20.64656,17.33748843,0.09449285,318.15
20.6567,17.35834491,0.09454887,318.15
20.65345,17.37920139,0.09459077,318.15
20.67103,17.40003472,0.09463341,318.15
20.66697,17.4208912,0.09468497,318.15
20.64516,17.44174769,0.09473253,318.15
20.6747,17.46260417,0.09477157,318.15
20.68552,17.48344907,0.09482386,318.15
20.64708,17.50430556,0.09487077,318.15
20.65622,17.52515046,0.09491794,318.15
20.66731,17.54601852,0.09495771,318.15
20.64786,17.566875,0.09500718,318.15
20.65339,17.62939815,0.09505456,318.15
20.65296,17.65025463,0.09510365,318.15
20.67057,17.67112269,0.09514322,318.15
20.68746,17.69197917,0.09519081,318.15
20.65263,17.71283565,0.09523518,318.15
20.65812,17.73368056,0.09528663,318.15
20.67327,17.75453704,0.09532983,318.15
20.65542,17.77539352,0.09537525,318.15
20.64581,17.79625,0.09542239,318.15
20.64845,17.81708333,0.09546676,318.15
20.65637,17.83793981,0.09551554,318.15
20.64585,17.85878472,0.09556327,318.15
20.68478,17.87961806,0.09560739,318.15
20.65658,17.90048611,0.09564863,318.15
20.66572,17.92133102,0.09569525,318.15
20.68561,17.94217593,0.09574036,318.15
20.65664,17.96300926,0.09578896,318.15
20.65335,17.98387731,0.09583276,318.15
20.65767,18.00472222,0.09588412,318.15
20.65151,18.02556713,0.09592196,318.15
20.66317,18.04642361,0.0959634,318.15
20.66756,18.06728009,0.09600879,318.15
20.65769,18.08811343,0.09605641,318.15
20.64485,18.10895833,0.09610154,318.15
20.67728,18.12981481,0.09614299,318.15
20.64894,18.1506713,0.09619135,318.15
20.68424,18.17150463,0.09623819,318.15
20.65898,18.19236111,0.09628005,318.15
20.65859,18.21321759,0.09632742,318.15
20.66294,18.2340625,0.09637643,318.15
20.6597,18.25493056,0.09641842,318.15
20.66233,18.27578704,0.09646337,318.15
20.6822,18.29663194,0.09650925,318.15
20.66882,18.31748843,0.09655229,318.15
20.65011,18.33832176,0.09659573,318.15
20.68242,18.35917824,0.09664135,318.15
20.64158,18.38002315,0.09669229,318.15
20.65076,18.40087963,0.096736,318.15
20.66762,18.42173611,0.09678235,318.15
20.64398,18.44258102,0.09683474,318.15
20.64431,18.46344907,0.09687602,318.15
20.64925,18.48430556,0.09692428,318.15
20.6756,18.50516204,0.09697109,318.15
20.65031,18.52603009,0.09701712,318.15
20.66545,18.54686343,0.0970596,318.15
20.67924,18.56770833,0.09711017,318.15
20.66651,18.58855324,0.09715126,318.15
20.6649,18.60940972,0.09720085,318.15
20.64924,18.63027778,0.09723899,318.15
20.64529,18.65113426,0.09728838,318.15
20.66508,18.67200231,0.0973366,318.15
20.6553,18.69284722,0.09737895,318.15
20.6519,18.71371528,0.09742691,318.15
20.66231,18.73457176,0.0974694,318.15
20.66257,18.75542824,0.09751433,318.15
20.65756,18.77627315,0.09755637,318.15
20.64463,18.79711806,0.09760702,318.15
20.70144,18.81798611,0.09764472,318.15
20.66128,18.83881944,0.09769203,318.15
20.66025,18.85967593,0.09774204,318.15
20.64455,18.88053241,0.09778369,318.15
20.65483,18.90137731,0.09783278,318.15
20.65462,18.92222222,0.09787068,318.15
20.66017,18.9430787,0.0979182,318.15
20.66472,18.96393519,0.09795657,318.15
20.64891,18.98478009,0.09800357,318.15
20.65751,19.00563657,0.09804694,318.15
20.64657,19.02649306,0.098089,318.15
20.65278,19.04734954,0.09813271,318.15
20.64893,19.06820602,0.09817503,318.15
20.64391,19.0890625,0.09821723,318.15
20.64299,19.10993056,0.09826246,318.15
20.64271,19.13076389,0.09830341,318.15
20.68448,19.15163194,0.09834943,318.15
20.64393,19.17248843,0.0983886,318.15
20.64356,19.19333333,0.09843548,318.15
20.64918,19.21418981,0.09847888,318.15
20.64417,19.23503472,0.09852154,318.15
20.65273,19.2558912,0.09856547,318.15
20.6553,19.27674769,0.09861296,318.15
20.64143,19.29759259,0.09865332,318.15
20.64396,19.31842593,0.09870265,318.15
20.68281,19.33928241,0.09874514,318.15
20.64819,19.36015046,0.0987867,318.15
20.67752,19.3809838,0.09882886,318.15
20.64582,19.40181713,0.0988716,318.15
20.65137,19.42267361,0.0989179,318.15
20.66053,19.44351852,0.0989623,318.15
20.65551,19.46436343,0.099005,318.15
20.65816,19.48519676,0.0990495,318.15
20.65484,19.50606481,0.0990941,318.15
20.65275,19.52689815,0.0991392,318.15
20.64649,19.54774306,0.0991826,318.15
20.66638,19.56859954,0.0992249,318.15
20.65065,19.58946759,0.099269,318.15
20.64089,19.61032407,0.0993103,318.15
20.6791,19.63118056,0.0993536,318.15
20.65094,19.65203704,0.0993986,318.15
20.65062,19.67289352,0.0994413,318.15
20.67036,19.69372685,0.0994902,318.15
20.65468,19.71458333,0.0995321,318.15
20.64486,19.73543981,0.0995774,318.15
20.65881,19.75627315,0.0996192,318.15
20.64908,19.77712963,0.0996598,318.15
20.63923,19.79799769,0.0997063,318.15
20.64665,19.81886574,0.0997494,318.15
20.64341,19.83972222,0.0997916,318.15
20.65197,19.86056713,0.0998345,318.15
20.64757,19.88143519,0.0998765,318.15
20.65021,19.90228009,0.0999192,318.15
20.67597,19.92313657,0.099964,318.15
20.65969,19.94400463,0.1000066,318.15
20.64098,19.96486111,0.1000521,318.15
20.64367,19.98571759,0.1000942,318.15
20.67175,20.00657407,0.100141,318.15
20.64953,20.02744213,0.100183,318.15
20.65823,20.04828704,0.1002204,318.15
20.649,20.06913194,0.100265,318.15
20.64811,20.08997685,0.100308,318.15
20.64787,20.11084491,0.1003489,318.15
20.64348,20.13170139,0.1003899,318.15
20.67577,20.15255787,0.100432,318.15
20.64709,20.17341435,0.1004736,318.15
20.64679,20.19427083,0.1005159,318.15
20.6495,20.21510417,0.1005568,318.15
20.651,20.23596065,0.1005977,318.15
20.64779,20.25681713,0.1006399,318.15
20.64928,20.27767361,0.100682,318.15
20.64308,20.29853009,0.1007247,318.15
20.64749,20.31936343,0.1007692,318.15
20.65311,20.34023148,0.100812,318.15
20.64344,20.36107639,0.1008509,318.15
20.6479,20.38194444,0.1008917,318.15
20.64473,20.40277778,0.1009315,318.15
20.66455,20.42361111,0.1009751,318.15
20.65181,20.44445602,0.1010176,318.15
20.64571,20.4653125,0.1010556,318.15
20.659,20.48618056,0.1010995,318.15
20.65228,20.50701389,0.1011389,318.15
20.65195,20.52784722,0.1011836,318.15
20.65052,20.5487037,0.1012244,318.15
20.65318,20.56957176,0.101266,318.15
20.6671,20.59042824,0.1013079,318.15
20.64203,20.61127315,0.1013494,318.15
20.6506,20.6321412,0.1013904,318.15
20.67991,20.65298611,0.1014327,318.15
20.65189,20.67383102,0.1014724,318.15
20.64806,20.69469907,0.1015148,318.15
20.65604,20.71554398,0.1015584,318.15
20.6552,20.73640046,0.1015985,318.15
20.67561,20.75726852,0.1016401,318.15
20.65002,20.778125,0.1016783,318.15
20.64079,20.79899306,0.1017236,318.15
20.6606,20.81983796,0.1017654,318.15
20.64203,20.84070602,0.1018067,318.15
20.64709,20.8615625,0.1018486,318.15
20.67999,20.88241898,0.1018864,318.15
20.65486,20.90326389,0.1019285,318.15
20.66285,20.92413194,0.1019709,318.15
20.64955,20.94498843,0.1020136,318.15
20.64641,20.96585648,0.1020517,318.15
20.66027,20.98670139,0.1020954,318.15
20.65654,21.00755787,0.1021337,318.15
20.65337,21.02841435,0.1021742,318.15
20.64832,21.04928241,0.1022177,318.15
20.64805,21.07013889,0.1022581,318.15
20.65901,21.0909838,0.1023001,318.15
20.64933,21.1118287,0.1023408,318.15
20.65498,21.13269676,0.1023819,318.15
20.64761,21.15355324,0.1024234,318.15
20.6497,21.17439815,0.1024658,318.15
20.64949,21.19521991,0.1025046,318.15
20.65453,21.21607639,0.1025464,318.15
20.64191,21.2369213,0.1025854,318.15
20.65285,21.25778935,0.1026273,318.15
20.65791,21.27865741,0.1026686,318.15
20.65996,21.29950231,0.1027123,318.15
20.64978,21.32034722,0.1027466,318.15
20.65297,21.3412037,0.1027924,318.15
20.6575,21.36203704,0.102832,318.15
20.64565,21.38290509,0.1028752,318.15
20.64458,21.40375,0.1029133,318.15
20.64909,21.42460648,0.102953,318.15
20.64234,21.44543981,0.1029931,318.15
20.64208,21.4662963,0.1030355,318.15
20.64658,21.48716435,0.103074,318.15
20.64571,21.50802083,0.1031165,318.15
20.66523,21.52886574,0.1031564,318.15
20.64404,21.5497338,0.1031974,318.15
20.64373,21.57060185,0.1032403,318.15
20.66651,21.59145833,0.1032798,318.15
20.65094,21.61232639,0.1033194,318.15
20.65069,21.63319444,0.1033593,318.15
20.65813,21.6540162,0.1034002,318.15
20.65727,21.67488426,0.1034415,318.15
20.65115,21.69572917,0.1034797,318.15
20.65564,21.71659722,0.10352,318.15
20.64887,21.73744213,0.103562,318.15
20.64798,21.75829861,0.1036058,318.15
20.65065,21.77915509,0.1036481,318.15
20.64394,21.80002315,0.1036864,318.15
20.64252,21.82085648,0.1037268,318.15
20.65492,21.84170139,0.1037686,318.15
20.68327,21.8625463,0.1038103,318.15
20.6547,21.88341435,0.103852,318.15
20.65136,21.90427083,0.103898,318.15
20.65652,21.92513889,0.1039345,318.15
20.64088,21.9459838,0.1039777,318.15
20.66164,21.96685185,0.1040149,318.15
20.64218,21.98770833,0.104058,318.15
20.67735,22.00856481,0.1040969,318.15
20.64941,22.02943287,0.104136,318.15
20.64264,22.05027778,0.104178,318.15
20.68058,22.07111111,0.1042246,318.15
20.64685,22.09199074,0.1042607,318.15
20.6437,22.1128125,0.1042971,318.15
20.65113,22.13366898,0.1043381,318.15
20.65028,22.15453704,0.1043789,318.15
20.65653,22.17539352,0.1044192,318.15
20.64572,22.19625,0.1044575,318.15
20.65432,22.21710648,0.1044969,318.15
20.64164,22.23795139,0.1045406,318.15
20.64321,22.2587963,0.1045792,318.15
20.64588,22.27962963,0.1046198,318.15
20.65084,22.30048611,0.1046654,318.15
20.6618,22.32136574,0.1047056,318.15
20.64342,22.34221065,0.1047392,318.15
20.66137,22.36306713,0.1047832,318.15
20.64161,22.38392361,0.1048262,318.15
20.66797,22.40479167,0.1048643,318.15
20.65175,22.42561343,0.1049066,318.15
20.64264,22.44648148,0.1049496,318.15
20.65868,22.46733796,0.1049862,318.15
20.64687,22.48818287,0.10503,318.15
20.64606,22.50903935,0.1050689,318.15
20.65108,22.52990741,0.105111,318.15
20.64152,22.55074074,0.1051452,318.15
20.64584,22.57159722,0.1051928,318.15
20.64276,22.5924537,0.1052293,318.15
20.64831,22.61328704,0.1052734,318.15
20.6529,22.63413194,0.1053085,318.15
20.6555,22.65498843,0.1053533,318.15
20.64302,22.67585648,0.105387,318.15
20.64145,22.69670139,0.1054346,318.15
20.65296,22.71755787,0.1054763,318.15
20.64578,22.73837963,0.1055114,318.15
20.6478,22.75924769,0.1055558,318.15
20.64474,22.78010417,0.1055886,318.15
20.655,22.80097222,0.1056344,318.15
20.65486,22.82181713,0.1056697,318.15
20.64504,22.84265046,0.1057177,318.15
20.64969,22.86351852,0.1057492,318.15
20.67055,22.884375,0.105792,318.15
20.66615,22.90523148,0.1058349,318.15
20.6536,22.92607639,0.1058715,318.15
20.64097,22.94693287,0.1059142,318.15
20.65537,22.96778935,0.1059571,318.15
20.65999,22.98864583,0.105991,318.15
20.64793,23.00951389,0.1060323,318.15
20.64946,23.03034722,0.1060733,318.15
20.64278,23.0512037,0.1061111,318.15
20.65198,23.07206019,0.1061504,318.15
20.6594,23.09291667,0.1061903,318.15
20.6433,23.11377315,0.1062289,318.15
20.64594,23.1346412,0.1062713,318.15
20.64868,23.15547454,0.1063107,318.15
20.64668,23.17634259,0.1063497,318.15
20.64351,23.1971875,0.1063897,318.15
20.64921,23.21804398,0.1064268,318.15
20.65656,23.23888889,0.1064697,318.15
20.65052,23.25975694,0.1065062,318.15
20.65201,23.28060185,0.1065472,318.15
20.64831,23.30145833,0.1065838,318.15
20.65106,23.32230324,0.1066233,318.15
20.65248,23.34314815,0.1066668,318.15
20.65229,23.36398148,0.1067056,318.15
20.65792,23.38483796,0.1067451,318.15
20.64425,23.40570602,0.1067816,318.15
20.65277,23.42655093,0.1068241,318.15
20.67899,23.44740741,0.1068647,318.15
20.64466,23.46824074,0.1069031,318.15
20.64143,23.48908565,0.1069461,318.15
20.65299,23.50993056,0.1069832,318.15
20.64862,23.53076389,0.1070249,318.15
20.64787,23.55162037,0.1070628,318.15
20.64461,23.57247685,0.1071053,318.15
20.66183,23.59333333,0.1071404,318.15
20.64829,23.61416667,0.1071836,318.15
20.6716,23.63503472,0.1072225,318.15
20.64667,23.6558912,0.107263,318.15
20.65576,23.67673611,0.1073036,318.15
20.66028,23.69758102,0.1073434,318.15
20.65659,23.71844907,0.107379,318.15
20.64692,23.73931713,0.1074204,318.15
20.64958,23.76016204,0.1074617,318.15
20.64226,23.78099537,0.1075041,318.15
20.65083,23.80184028,0.1075435,318.15
20.65237,23.82269676,0.1075835,318.15
20.64862,23.84355324,0.1076226,318.15
20.67484,23.86439815,0.1076614,318.15
20.65883,23.8852662,0.1076971,318.15
20.64627,23.90612269,0.1077369,318.15
20.64887,23.92697917,0.1077806,318.15
20.64751,23.94784722,0.1078193,318.15
20.65602,23.96869213,0.1078606,318.15
20.68809,23.98956019,0.1079007,318.15
20.65676,24.01041667,0.1079396,318.15
20.65353,24.03125,0.1079816,318.15
20.64392,24.05211806,0.1080201,318.15
20.64843,24.07296296,0.1080582,318.15
20.64813,24.0937963,0.1081008,318.15
20.66497,24.1146412,0.1081394,318.15
20.64306,24.13550926,0.1081768,318.15
20.64279,24.15635417,0.1082182,318.15
20.65959,24.1771875,0.1082572,318.15
20.6412,24.19804398,0.1082952,318.15
20.64615,24.21888889,0.1083386,318.15
20.66945,24.23974537,0.1083757,318.15
20.64749,24.26060185,0.1084156,318.15
20.64435,24.28145833,0.1084534,318.15
20.64885,24.30231481,0.1084933,318.15
20.65347,24.32318287,0.1085365,318.15
20.66537,24.3440162,0.1085726,318.15
20.64053,24.36488426,0.1086114,318.15
20.66497,24.38574074,0.1086492,318.15
20.65358,24.40659722,0.1086909,318.15
20.64103,24.42744213,0.1087306,318.15
20.64073,24.44828704,0.108772,318.15
20.65454,24.46913194,0.1088129,318.15
20.65726,24.48998843,0.1088524,318.15
20.64765,24.51084491,0.1088916,318.15
20.64629,24.53170139,0.108928,318.15
20.65193,24.55255787,0.1089694,318.15
20.64224,24.57341435,0.1090121,318.15
20.64668,24.59425926,0.1090521,318.15
20.64948,24.61510417,0.109088,318.15
20.65804,24.63597222,0.1091265,318.15
20.66538,24.65681713,0.1091694,318.15
20.65588,24.67767361,0.1092043,318.15
20.66791,24.69853009,0.1092449,318.15
20.66001,24.71939815,0.1092875,318.15
20.64456,24.74025463,0.1093267,318.15
20.6501,24.76108796,0.1093698,318.15
20.65165,24.78193287,0.1094074,318.15
20.64204,24.80277778,0.1094484,318.15
20.65294,24.82361111,0.1094882,318.15
20.65518,24.84446759,0.1095214,318.15
20.64809,24.86533565,0.1095645,318.15
20.64824,24.88616898,0.1096013,318.15
20.65032,24.90702546,0.1096441,318.15
20.64658,24.92787037,0.1096821,318.15
20.65837,24.94873843,0.1097225,318.15
20.65078,24.96956019,0.1097616,318.15
20.64404,24.99041667,0.1098039,318.15
20.64268,25.01126157,0.1098433,318.15
20.6483,25.03211806,0.1098823,318.15
20.65101,25.05296296,0.1099201,318.15
20.65551,25.07381944,0.1099595,318.15
20.64937,25.09465278,0.1100003,318.15
20.65969,25.11553241,0.1100409,318.15
20.65066,25.13638889,0.11008,318.15
20.69027,25.15724537,0.1101211,318.15
20.65314,25.17809028,0.110159,318.15
20.65003,25.19894676,0.1101973,318.15
20.64334,25.21980324,0.1102372,318.15
20.65831,25.24065972,0.1102772,318.15
20.66924,25.2615162,0.1103158,318.15
20.65023,25.28237269,0.1103564,318.15
20.65586,25.30324074,0.110396,318.15
20.65264,25.32408565,0.1104381,318.15
20.65182,25.34494213,0.1104791,318.15
20.64745,25.36579861,0.1105191,318.15
20.66423,25.38664352,0.1105583,318.15
20.6517,25.4075,0.1105976,318.15
20.64787,25.42835648,0.110641,318.15
20.65632,25.44922454,0.1106866,318.15
20.64897,25.47008102,0.1107291,318.15
20.64284,25.4909375,0.1107729,318.15
20.64131,25.51180556,0.1108166,318.15
20.64108,25.53266204,0.1108575,318.15
20.64639,25.55351852,0.1108834,318.15
20.64549,25.57436343,0.1109268,318.15
20.64704,25.59521991,0.1109651,318.15
20.64393,25.61606481,0.1110017,318.15
20.64879,25.6369213,0.1110506,318.15
20.65671,25.65775463,0.1110929,318.15
20.65643,25.67861111,0.1111343,318.15
20.65501,25.69944444,0.1111755,318.15
20.66643,25.72030093,0.1112176,318.15
20.67144,25.74115741,0.1112575,318.15
20.6437,25.76201389,0.1112975,318.15
20.64634,25.78284722,0.111339,318.15
20.67184,25.8037037,0.1113801,318.15
20.64781,25.82456019,0.1114096,318.15
20.64709,25.84541667,0.1114447,318.15
20.64629,25.86625,0.1114834,318.15
20.66931,25.88711806,0.1115303,318.15
20.64096,25.90796296,0.1115718,318.15
20.667,25.92880787,0.1116144,318.15
20.65444,25.94965278,0.1116555,318.15
20.65434,25.97050926,0.1116879,318.15
20.65594,25.99135417,0.1117244,318.15
20.64629,26.01221065,0.1117655,318.15
20.66686,26.03305556,0.1118065,318.15
20.64999,26.05390046,0.1118436,318.15
20.65902,26.07475694,0.1118861,318.15
20.64583,26.09561343,0.1119304,318.15
20.65745,26.11644676,0.1119623,318.15
20.65665,26.13730324,0.1120008,318.15
20.64708,26.15814815,0.1120395,318.15
20.66681,26.17900463,0.1120758,318.15
20.64793,26.19984954,0.1121129,318.15
20.66804,26.22071759,0.1121592,318.15
20.65211,26.24157407,0.1121933,318.15
20.64895,26.26243056,0.1122323,318.15
20.66858,26.28326389,0.1122735,318.15
20.64671,26.30412037,0.1123124,318.15
20.64943,26.32497685,0.1123508,318.15
20.66032,26.34582176,0.112389,318.15
20.6566,26.36666667,0.1124282,318.15
20.65634,26.38752315,0.1124686,318.15
20.6667,26.40837963,0.1125062,318.15
20.6483,26.42923611,0.1125474,318.15
20.64165,26.45008102,0.1125866,318.15
20.64144,26.4709375,0.112624,318.15
20.66109,26.49178241,0.1126638,318.15
20.65448,26.51262731,0.1127001,318.15
20.68342,26.53349537,0.1127422,318.15
20.65278,26.55435185,0.1127829,318.15
20.6432,26.57519676,0.1128223,318.15
20.65709,26.59604167,0.1128573,318.15
20.65631,26.61690972,0.1128955,318.15
20.65602,26.6377662,0.1129376,318.15
20.67274,26.65863426,0.1129775,318.15
20.64211,26.67945602,0.1130165,318.15
20.64419,26.70032407,0.113057,318.15
20.65797,26.72118056,0.1130969,318.15
20.64261,26.74203704,0.1131344,318.15
20.64527,26.76288194,0.1131753,318.15
20.65267,26.78371528,0.1132125,318.15
20.6489,26.80458333,0.1132542,318.15
20.65443,26.82543981,0.1132975,318.15
20.65695,26.84628472,0.1133439,318.15
20.64966,26.86715278,0.1133871,318.15
20.66636,26.88799769,0.1134282,318.15
20.65378,26.90885417,0.1134712,318.15
20.64766,26.92969907,0.1135121,318.15
20.67596,26.95056713,0.1135563,318.15
20.65431,26.97141204,0.1135868,318.15
20.64979,26.99225694,0.1136194,318.15
20.64676,27.01311343,0.1136698,318.15
20.65777,27.03396991,0.1137024,318.15
20.64222,27.05482639,0.1137478,318.15
20.6565,27.07568287,0.1137906,318.15
20.66052,27.09653935,0.1138348,318.15
20.68566,27.11739583,0.1138655,318.15
20.66875,27.13826389,0.1139044,318.15
20.64392,27.15912037,0.1139488,318.15
20.65013,27.17996528,0.1139847,318.15
20.65466,27.20082176,0.1140207,318.15
20.66303,27.22167824,0.1140671,318.15
20.67014,27.24252315,0.1141028,318.15
20.64638,27.26336806,0.11414,318.15
20.65793,27.28422454,0.1141737,318.15
20.6419,27.30508102,0.1142144,318.15
20.64938,27.3259375,0.1142504,318.15
20.64266,27.34679398,0.1142916,318.15
20.6577,27.36763889,0.1143257,318.15
20.65108,27.38850694,0.1143638,318.15
20.65257,27.40936343,0.1144041,318.15
20.64302,27.43019676,0.1144433,318.15
20.65212,27.45104167,0.1144842,318.15
20.66165,27.47189815,0.1145305,318.15
20.65495,27.49275463,0.114573,318.15
20.64256,27.51359954,0.1146082,318.15
20.6477,27.53446759,0.1146409,318.15
20.65031,27.55530093,0.1146832,318.15
20.67639,27.57614583,0.1147211,318.15
20.64874,27.59700231,0.1147595,318.15
20.64563,27.61784722,0.1147969,318.15
20.6623,27.6387037,0.114838,318.15
20.64348,27.65954861,0.1148722,318.15
20.64614,27.68041667,0.1149144,318.15
20.67727,27.70127315,0.1149617,318.15
20.65129,27.7221412,0.1150041,318.15
20.65471,27.74298611,0.1150352,318.15
20.65223,27.76384259,0.1150711,318.15
20.64441,27.78469907,0.1151104,318.15
20.65011,27.80554398,0.1151459,318.15
20.65157,27.82640046,0.1151873,318.15
20.64848,27.84724537,0.1152253,318.15
20.65105,27.86811343,0.1152682,318.15
20.64909,27.88896991,0.115308,318.15
20.65174,27.90980324,0.1153502,318.15
20.64442,27.93064815,0.1153923,318.15
20.647,27.9515162,0.1154376,318.15
20.64669,27.97237269,0.1154804,318.15
20.65473,27.99324074,0.1155144,318.15
20.64172,28.01408565,0.1155521,318.15
20.66251,28.03494213,0.1155893,318.15
20.67912,28.05581019,0.1156317,318.15
20.64228,28.07666667,0.1156662,318.15
20.65424,28.09752315,0.1157064,318.15
20.65233,28.1183912,0.1157445,318.15
20.64283,28.13924769,0.1157809,318.15
20.64838,28.16010417,0.1158213,318.15
20.65395,28.18094907,0.1158617,318.15
20.65558,28.20179398,0.115897,318.15
20.64613,28.22265046,0.1159311,318.15
20.64827,28.24350694,0.1159687,318.15
20.64513,28.26435185,0.1160079,318.15
20.64958,28.28521991,0.1160457,318.15
20.65229,28.30606481,0.1160837,318.15
20.64854,28.3269213,0.1161231,318.15
20.66527,28.34777778,0.1161604,318.15
20.6528,28.36864583,0.1161996,318.15
20.66405,28.38949074,0.1162357,318.15
20.6507,28.41034722,0.1162733,318.15
20.65044,28.4312037,0.1163138,318.15
20.6683,28.45206019,0.1163515,318.15
20.66053,28.47291667,0.1163897,318.15
20.65096,28.49375,0.1164315,318.15
20.64144,28.51459491,0.1164685,318.15
20.64584,28.53546296,0.1165088,318.15
20.64846,28.55631944,0.1165511,318.15
20.66046,28.5771875,0.1165901,318.15
20.64342,28.59804398,0.1166265,318.15
20.64323,28.61888889,0.1166639,318.15
20.64292,28.63975694,0.1167063,318.15
20.66019,28.66059028,0.1167443,318.15
20.64658,28.68143519,0.1167842,318.15
20.64345,28.70230324,0.1168217,318.15
20.66019,28.72315972,0.1168575,318.15
20.64769,28.7440162,0.1168987,318.15
20.6673,28.76488426,0.1169352,318.15
20.64551,28.78574074,0.1169767,318.15
20.6547,28.80658565,0.117011,318.15
20.67065,28.82744213,0.1170542,318.15
20.64888,28.84827546,0.1170939,318.15
20.64575,28.86913194,0.1171326,318.15
20.66167,28.88998843,0.117168,318.15
20.67388,28.91083333,0.1172095,318.15
20.65181,28.93167824,0.117246,318.15
20.66355,28.95252315,0.1172866,318.15
20.64758,28.97336806,0.117327,318.15
20.65309,28.99422454,0.1173699,318.15
20.66686,29.01508102,0.1174063,318.15
20.64811,29.0359375,0.1174418,318.15
20.64786,29.05678241,0.1174829,318.15
20.65286,29.07763889,0.1175224,318.15
20.6491,29.0984838,0.1175631,318.15
20.64536,29.11934028,0.1176039,318.15
20.65623,29.14019676,0.1176409,318.15
20.64673,29.16104167,0.117678,318.15
20.68146,29.18188657,0.1177142,318.15
20.64741,29.20274306,0.1177572,318.15
20.65653,29.22358796,0.1177956,318.15
20.64409,29.24444444,0.117834,318.15
20.65434,29.26530093,0.117873,318.15
20.66633,29.28618056,0.1179109,318.15
20.64462,29.30703704,0.1179482,318.15
20.66806,29.32789352,0.117986,318.15
20.64825,29.34876157,0.1180269,318.15
20.64167,29.36959491,0.1180639,318.15
20.65067,29.39046296,0.1181067,318.15
20.64651,29.41131944,0.1181398,318.15
20.66308,29.43216435,0.1181811,318.15
20.64938,29.45303241,0.1182253,318.15
20.6496,29.47387731,0.1182704,318.15
20.66436,29.49472222,0.1183169,318.15
20.65065,29.51556713,0.1183605,318.15
20.67067,29.53643519,0.1184041,318.15
20.64392,29.55728009,0.1184333,318.15
20.65128,29.57813657,0.1184711,318.15
20.64463,29.59900463,0.1185119,318.15
20.65853,29.61983796,0.1185423,318.15
20.65472,29.6406713,0.1185861,318.15
20.66666,29.66153935,0.1186264,318.15
20.67099,29.68240741,0.1186544,318.15
20.65582,29.70326389,0.1187015,318.15
20.65851,29.7241088,0.1187408,318.15
20.65419,29.74496528,0.1187806,318.15
20.64816,29.76582176,0.1188199,318.15
20.64967,29.78668981,0.1188578,318.15
20.66349,29.80753472,0.1188925,318.15
20.6505,29.82837963,0.1189316,318.15
20.65029,29.84924769,0.1189698,318.15
20.64732,29.87008102,0.1190007,318.15
20.67892,29.8909375,0.1190454,318.15
20.65709,29.91179398,0.1190901,318.15
20.68289,29.93263889,0.1191349,318.15
20.66145,29.95347222,0.1191613,318.15
20.64849,29.9743287,0.1191974,318.15
20.65144,29.99519676,0.1192228,318.15
20.66811,30.01605324,0.1192605,318.15
20.64343,30.03689815,0.1193015,318.15
20.67579,30.05775463,0.1193376,318.15
20.67447,30.07858796,0.1193731,318.15
20.65338,30.09945602,0.1194109,318.15
20.67377,30.12030093,0.1194535,318.15
20.65706,30.14116898,0.1194842,318.15
20.65113,30.16201389,0.1195204,318.15
20.64157,30.18288194,0.1195606,318.15
20.64427,30.20372685,0.1195976,318.15
20.65165,30.22458333,0.119635,318.15
20.66314,30.24543981,0.1196683,318.15
20.65073,30.26630787,0.1197078,318.15
20.66098,30.28716435,0.1197451,318.15
20.64279,30.30802083,0.1197829,318.15
20.6745,30.32884259,0.1198205,318.15
20.65869,30.34969907,0.1198566,318.15
20.65552,30.37055556,0.1198966,318.15
20.64603,30.39140046,0.119935,318.15
20.65106,30.41225694,0.1199721,318.15
20.65317,30.43309028,0.1200105,318.15
20.6408,30.45394676,0.1200476,318.15
20.67254,30.47480324,0.1200834,318.15
20.65085,30.49565972,0.1201232,318.15
20.68319,30.51650463,0.1201581,318.15
20.65805,30.53733796,0.1201951,318.15
20.65144,30.55819444,0.1202347,318.15
20.65129,30.57903935,0.1202704,318.15
20.65281,30.59990741,0.1203084,318.15
20.64332,30.62075231,0.1203463,318.15
20.65825,30.64159722,0.1203823,318.15
20.66037,30.66243056,0.1204195,318.15
20.68167,30.68328704,0.1204571,318.15
20.66,30.70412037,0.1204951,318.15
20.64763,30.72497685,0.1205323,318.15
20.66245,30.74583333,0.1205709,318.15
20.65011,30.76668981,0.1206068,318.15
20.65802,30.78752315,0.1206459,318.15
20.64564,30.80837963,0.1206836,318.15
20.64197,30.82923611,0.1207226,318.15
20.67074,30.85009259,0.1207603,318.15
20.65206,30.87094907,0.120794,318.15
20.66105,30.89180556,0.1208362,318.15
20.68351,30.91267361,0.1208722,318.15
20.6497,30.93353009,0.1209087,318.15
20.64314,30.95438657,0.1209452,318.15
20.65219,30.97523148,0.1209844,318.15
20.65025,30.99607639,0.121022,318.15
20.65007,31.01693287,0.1210591,318.15
20.66093,31.03778935,0.1210956,318.15
20.64222,31.05863426,0.12113,318.15
20.6629,31.07949074,0.1211673,318.15
20.67376,31.10034722,0.1212027,318.15
20.65498,31.12118056,0.1212431,318.15
20.64555,31.14202546,0.1212779,318.15
20.66213,31.16290509,0.1213176,318.15
20.65264,31.18373843,0.1213554,318.15
20.65584,31.20459491,0.1213965,318.15
20.66321,31.22545139,0.1214333,318.15
20.65317,31.24630787,0.1214707,318.15
20.65937,31.26716435,0.1215062,318.15
20.6609,31.28803241,0.1215449,318.15
20.66647,31.30888889,0.1215831,318.15
20.64199,31.32974537,0.1216181,318.15
20.64932,31.3505787,0.1216562,318.15
20.65845,31.37144676,0.1216917,318.15
20.6686,31.39229167,0.1217323,318.15
20.64995,31.41313657,0.1217673,318.15
20.64092,31.43396991,0.1218103,318.15
20.66973,31.45483796,0.1218462,318.15
20.64468,31.47570602,0.121882,318.15
20.65084,31.49655093,0.1219188,318.15
20.65822,31.51741898,0.121955,318.15
20.64877,31.53827546,0.1219922,318.15
20.64561,31.55912037,0.1220317,318.15
20.65872,31.57996528,0.1220715,318.15
20.64638,31.60082176,0.1221089,318.15
20.64271,31.62167824,0.1221448,318.15
20.64836,31.64252315,0.1221806,318.15
20.64704,31.66335648,0.1222156,318.15
20.66419,31.68421296,0.1222539,318.15
20.65474,31.70506944,0.1222905,318.15
20.65161,31.72590278,0.12233,318.15
20.65838,31.74678241,0.1223671,318.15
20.64599,31.76762731,0.1224068,318.15
20.65161,31.78849537,0.1224432,318.15
20.65432,31.80935185,0.122479,318.15
20.66459,31.83019676,0.1225158,318.15
20.65221,31.85103009,0.1225531,318.15
20.66074,31.871875,0.1225889,318.15
20.6605,31.89273148,0.1226285,318.15
20.68289,31.91357639,0.1226663,318.15
20.64914,31.93440972,0.1227027,318.15
20.6611,31.95527778,0.1227408,318.15
20.6654,31.97614583,0.1227831,318.15
20.64386,31.99699074,0.1228182,318.15
20.65866,32.01783565,0.1228581,318.15
20.6724,32.03868056,0.1228929,318.15
20.6445,32.05953704,0.1229281,318.15
20.65642,32.08039352,0.1229656,318.15
20.64982,32.10125,0.1230053,318.15
20.66065,32.12208333,0.1230413,318.15
20.64832,32.14292824,0.1230781,318.15
20.6614,32.1637963,0.1231173,318.15
20.64863,32.1846412,0.1231575,318.15
20.67546,32.20547454,0.1231934,318.15
20.64456,32.22634259,0.123231,318.15
20.64439,32.24719907,0.1232681,318.15
20.64887,32.26803241,0.1233043,318.15
20.65155,32.28888889,0.123342,318.15
20.64792,32.30974537,0.1233775,318.15
20.6616,32.33060185,0.1234153,318.15
20.65501,32.35144676,0.1234557,318.15
20.66639,32.37229167,0.1234928,318.15
20.65925,32.39314815,0.1235297,318.15
20.64981,32.41400463,0.1235664,318.15
20.6311,32.43486111,0.1236051,318.15
20.6482,32.45571759,0.123644,318.15
20.64745,32.47655093,0.1236807,318.15
20.64382,32.49743056,0.1237167,318.15
20.676,32.51828704,0.1237543,318.15
20.66596,32.53912037,0.1237923,318.15
20.65659,32.55996528,0.1238266,318.15
20.65519,32.58082176,0.1238653,318.15
20.64283,32.60167824,0.1239051,318.15
20.64263,32.62252315,0.1239416,318.15
20.68175,32.64337963,0.1239804,318.15
20.65385,32.66422454,0.124015,318.15
20.66001,32.68509259,0.1240518,318.15
20.65689,32.7059375,0.1240903,318.15
20.64745,32.72678241,0.1241293,318.15
20.6698,32.74765046,0.1241655,318.15
20.64876,32.7684838,0.1242052,318.15
20.6509,32.7893287,0.1242413,318.15
20.65155,32.81016204,0.1242845,318.15
20.66603,32.83101852,0.1243204,318.15
20.65952,32.851875,0.1243565,318.15
20.65009,32.87274306,0.1243932,318.15
20.66194,32.89358796,0.1244344,318.15
20.65831,32.91444444,0.1244699,318.15
20.65232,32.9353125,0.1245088,318.15
20.65039,32.95616898,0.1245448,318.15
